TAG,Time,Value
I,6360,58432
B,6362,178
R,6364,37823
B,6367,110
I,6369,58410
B,6372,175
R,6374,37825
B,6376,111
I,6379,58436
B,6381,177
R,6383,37801
B,6386,94
I,6388,58415
B,6390,183
R,6393,37848
B,6395,102
I,6397,58452
B,6400,179
R,6402,37832
B,6405,94
I,6407,58442
B,6409,186
R,6412,37815
B,6414,102
I,6416,58420
B,6419,172
R,6421,37836
B,6423,105
I,6426,58464
B,6428,181
R,6431,37839
B,6433,102
I,6435,58449
B,6438,169
R,6440,37854
B,6442,112
I,6445,58443
B,6447,177
R,6449,37855
B,6452,97
I,6454,58473
B,6456,174
R,6459,37870
B,6461,102
I,6464,58459
B,6466,177
R,6468,37848
B,6471,97
I,6473,58495
B,6475,184
R,6478,37887
B,6480,98
I,6482,58522
B,6485,177
R,6487,37867
B,6490,98
I,6492,58525
B,6494,181
R,6497,37852
B,6499,101
I,6501,58524
B,6504,163
R,6506,37864
B,6508,107
I,6511,58497
B,6513,174
R,6515,37876
B,6518,98
I,6520,58507
B,6523,179
R,6525,37895
B,6527,106
I,6530,58541
B,6532,177
R,6534,37896
B,6537,93
I,6539,58528
B,6541,186
R,6544,37888
B,6546,99
I,6549,58505
B,6551,179
R,6553,37853
B,6556,103
I,6558,58499
B,6560,190
R,6563,37843
B,6565,102
I,6567,58469
B,6570,173
R,6572,37833
B,6574,108
I,6577,58488
B,6579,177
R,6582,37856
B,6584,104
I,6586,58444
B,6589,167
R,6591,37862
B,6593,108
I,6596,58513
B,6598,177
R,6600,37874
B,6603,97
I,6605,58520
B,6608,181
R,6610,37905
B,6612,101
I,6615,58558
B,6617,182
R,6619,37892
B,6622,92
I,6624,58571
B,6626,188
R,6629,37905
B,6631,100
I,6633,58563
B,6636,170
R,6638,37891
B,6641,104
I,6643,58558
B,6645,178
R,6648,37894
B,6650,103
I,6652,58510
B,6655,165
R,6657,37881
B,6659,108
I,6662,58550
B,6664,176
R,6667,37881
B,6669,97
I,6671,58526
B,6674,180
R,6676,37905
B,6678,102
I,6681,58553
B,6683,181
R,6685,37847
B,6688,92
I,6690,58530
B,6692,190
R,6695,37864
B,6697,102
I,6700,58514
B,6702,174
R,6704,37849
B,6707,103
I,6709,58516
B,6711,187
R,6714,37832
B,6716,103
I,6718,58500
B,6721,171
R,6723,37832
B,6726,112
I,6728,58507
B,6730,176
R,6733,37858
B,6735,101
I,6737,58509
B,6740,174
R,6742,37849
B,6744,108
I,6747,58534
B,6749,180
R,6751,37864
B,6754,90
I,6756,58542
B,6759,189
R,6761,37879
B,6763,101
I,6766,58549
B,6768,174
R,6770,37862
B,6773,99
I,6775,58504
B,6777,187
R,6780,37864
B,6782,102
I,6785,58521
B,6787,170
R,6789,37847
B,6792,107
I,6794,58558
B,6796,177
R,6799,37883
B,6801,103
I,6803,58554
B,6806,181
R,6808,37891
B,6811,108
I,6813,58578
B,6815,180
R,6818,37885
B,6820,94
I,6822,58585
B,6825,185
R,6827,37922
B,6829,101
I,6832,58639
B,6834,177
R,6836,37869
B,6839,93
I,6841,58591
B,6844,182
R,6846,37911
B,6848,100
I,6851,58582
B,6853,167
R,6855,37885
B,6858,107
I,6860,58559
B,6862,175
R,6865,37910
B,6867,103
I,6869,58580
B,6872,175
R,6874,37906
B,6877,112
I,6879,58600
B,6881,180
R,6884,37896
B,6886,101
I,6888,58590
B,6891,187
R,6893,37918
B,6895,103
I,6898,58600
B,6900,182
R,6903,37867
B,6905,95
I,6907,58606
B,6910,191
R,6912,37901
B,6914,101
I,6917,58616
B,6919,176
R,6921,37912
B,6924,103
I,6926,58630
B,6928,176
R,6931,37910
B,6933,104
I,6936,58643
B,6938,179
R,6940,37921
B,6943,109
I,6945,58618
B,6947,181
R,6950,37935
B,6952,98
I,6954,58650
B,6957,185
R,6959,37931
B,6962,109
I,6964,58670
B,6966,183
R,6969,37917
B,6971,92
I,6973,58659
B,6976,187
R,6978,37935
B,6980,102
I,6983,58652
B,6985,172
R,6987,37910
B,6990,101
I,6992,58647
B,6995,183
R,6997,37902
B,6999,102
I,7002,58633
B,7004,172
R,7006,37907
B,7009,113
I,7011,58638
B,7013,177
R,7016,37892
B,7018,99
I,7021,58621
B,7023,177
R,7025,37915
B,7028,101
I,7030,58647
B,7032,179
R,7035,37889
B,7037,91
I,7039,58657
B,7042,185
R,7044,37918
B,7046,94
I,7049,58643
B,7051,181
R,7054,37895
B,7056,97
I,7058,58649
B,7061,185
R,7063,37903
B,7065,100
I,7068,58640
B,7070,173
R,7072,37880
B,7075,105
I,7077,58632
B,7080,171
R,7082,37895
B,7084,97
I,7087,58607
B,7089,170
R,7091,37894
B,7094,106
I,7096,58609
B,7098,176
R,7101,37869
B,7103,93
I,7105,58581
B,7108,181
R,7110,37884
B,7113,96
I,7115,58588
B,7117,182
R,7120,37838
B,7122,93
I,7124,58582
B,7127,185
R,7129,37843
B,7131,101
I,7134,58582
B,7136,174
R,7139,37867
B,7141,106
I,7143,58582
B,7146,176
R,7148,37870
B,7150,104
I,7153,58598
B,7155,173
R,7157,37861
B,7160,106
I,7162,58632
B,7165,176
R,7167,37891
B,7169,93
I,7172,58629
B,7174,182
R,7176,37913
B,7179,100
I,7181,58657
B,7183,179
R,7186,37928
B,7188,92
I,7190,58659
B,7193,183
R,7195,37912
B,7198,102
I,7200,58672
B,7202,176
R,7205,37908
B,7207,100
I,7209,58633
B,7212,173
R,7214,37905
B,7216,102
I,7219,58639
B,7221,176
R,7223,37911
B,7226,113
I,7228,58652
B,7231,179
R,7233,37903
B,7235,97
I,7238,58629
B,7240,175
R,7242,37910
B,7245,106
I,7247,58610
B,7249,178
R,7252,37905
B,7254,91
I,7257,58657
B,7259,186
R,7261,37912
B,7264,99
I,7266,58660
B,7268,183
R,7271,37912
B,7273,100
I,7275,58678
B,7278,182
R,7280,37915
B,7283,104
I,7285,58683
B,7287,167
R,7290,37925
B,7292,111
I,7294,58697
B,7297,175
R,7299,37929
B,7301,102
I,7304,58704
B,7306,178
R,7308,37914
B,7311,103
I,7313,58634
B,7316,182
R,7318,37895
B,7320,93
I,7323,58654
B,7325,183
R,7327,37895
B,7330,98
I,7332,58659
B,7334,184
R,7337,37880
B,7339,95
I,7341,58639
B,7344,183
R,7346,37847
B,7349,99
I,7351,58605
B,7353,171
R,7356,37872
B,7358,106
I,7360,58654
B,7363,175
R,7365,37857
B,7367,103
I,7370,58647
B,7372,173
R,7375,37867
B,7377,108
I,7379,58662
B,7382,180
R,7384,37885
B,7386,98
I,7389,58655
B,7391,184
R,7393,37891
B,7396,99
I,7398,58696
B,7400,185
R,7403,37909
B,7405,95
I,7408,58733
B,7410,188
R,7412,37924
B,7415,103
I,7417,58748
B,7419,170
R,7422,37944
B,7424,103
I,7426,58779
B,7429,177
R,7431,37951
B,7434,104
I,7436,58773
B,7438,172
R,7441,37981
B,7443,107
I,7445,58787
B,7448,179
R,7450,37987
B,7452,99
I,7455,58801
B,7457,181
R,7459,37992
B,7462,99
I,7464,58818
B,7467,185
R,7469,37965
B,7471,94
I,7474,58816
B,7476,188
R,7478,37978
B,7481,103
I,7483,58819
B,7485,176
R,7488,37965
B,7490,101
I,7493,58822
B,7495,180
R,7497,37969
B,7500,102
I,7502,58796
B,7504,174
R,7507,37948
B,7509,109
I,7511,58789
B,7514,172
R,7516,37958
B,7519,97
I,7521,58790
B,7523,177
R,7526,37983
B,7528,109
I,7530,58802
B,7533,180
R,7535,37961
B,7537,94
I,7540,58829
B,7542,187
R,7544,37969
B,7547,101
I,7549,58817
B,7552,178
R,7554,37960
B,7556,100
I,7559,58829
B,7561,182
R,7563,37978
B,7566,104
I,7568,58823
B,7570,169
R,7573,37971
B,7575,114
I,7578,58840
B,7580,180
R,7582,37989
B,7585,102
I,7587,58817
B,7589,177
R,7592,37983
B,7594,108
I,7596,58830
B,7599,187
R,7601,37964
B,7603,97
I,7606,58835
B,7608,184
R,7611,37952
B,7613,100
I,7615,58824
B,7618,173
R,7620,37949
B,7622,100
I,7625,58834
B,7627,182
R,7629,37943
B,7632,101
I,7634,58818
B,7637,169
R,7639,37950
B,7641,105
I,7644,58817
B,7646,177
R,7648,37962
B,7651,104
I,7653,58795
B,7655,168
R,7658,37958
B,7660,110
I,7662,58799
B,7665,182
R,7667,37946
B,7670,95
I,7672,58817
B,7674,181
R,7677,37967
B,7679,103
I,7681,58829
B,7684,179
R,7686,37961
B,7688,91
I,7691,58831
B,7693,185
R,7696,37962
B,7698,99
I,7700,58855
B,7703,173
R,7705,37964
B,7707,104
I,7710,58858
B,7712,179
R,7714,37976
B,7717,104
I,7719,58844
B,7722,167
R,7724,37970
B,7726,110
I,7729,58807
B,7731,181
R,7733,37983
B,7736,96
I,7738,58852
B,7740,180
R,7743,38001
B,7745,105
I,7747,58821
B,7750,177
R,7752,37963
B,7755,89
I,7757,58875
B,7759,187
R,7762,37983
B,7764,101
I,7766,58873
B,7769,184
R,7771,37980
B,7773,101
I,7776,58886
B,7778,183
R,7780,37963
B,7783,103
I,7785,58882
B,7788,168
R,7790,37985
B,7792,113
I,7795,58886
B,7797,179
R,7799,37997
B,7802,101
I,7804,58864
B,7806,175
R,7809,37980
B,7811,110
I,7814,58895
B,7816,180
R,7818,38005
B,7821,92
I,7823,58895
B,7825,183
R,7828,38025
B,7830,99
I,7832,58923
B,7835,181
R,7837,38018
B,7839,100
I,7842,58941
B,7844,185
R,7847,38040
B,7849,104
I,7851,58951
B,7854,166
R,7856,38030
B,7858,109
I,7861,58961
B,7863,178
R,7865,38019
B,7868,104
I,7870,58963
B,7873,169
R,7875,38060
B,7877,107
I,7880,58992
B,7882,184
R,7884,38044
B,7887,91
I,7889,58961
B,7891,181
R,7894,38052
B,7896,100
I,7898,59004
B,7901,179
R,7903,38054
B,7906,93
I,7908,58987
B,7910,190
R,7913,38047
B,7915,104
I,7917,58994
B,7920,167
R,7922,38048
B,7924,108
I,7927,59022
B,7929,180
R,7932,38052
B,7934,106
I,7936,58991
B,7939,173
R,7941,38054
B,7943,109
I,7946,59008
B,7948,181
R,7950,38053
B,7953,97
I,7955,58995
B,7958,181
R,7960,38038
B,7962,102
I,7965,58980
B,7967,180
R,7969,38026
B,7972,93
I,7974,58984
B,7976,187
R,7979,38049
B,7981,107
I,7983,58949
B,7986,175
R,7988,37991
B,7991,103
I,7993,58949
B,7995,183
R,7998,37985
B,8000,107
I,8002,58917
B,8005,168
R,8007,38001
B,8009,113
I,8012,58944
B,8014,177
R,8016,37983
B,8019,98
I,8021,58914
B,8024,178
R,8026,38005
B,8028,104
I,8031,58939
B,8033,182
R,8035,37977
B,8038,90
I,8040,58952
B,8042,192
R,8045,38011
B,8047,101
I,8050,58971
B,8052,175
R,8054,37968
B,8057,103
I,8059,58984
B,8061,182
R,8064,37996
B,8066,105
I,8068,58960
B,8071,173
R,8073,38000
B,8076,113
I,8078,58971
B,8080,178
R,8083,38012
B,8085,96
I,8087,58961
B,8090,173
R,8092,38014
B,8094,114
I,8097,58980
B,8099,182
R,8101,37995
B,8104,90
I,8106,58937
B,8109,188
R,8111,37992
B,8113,98
I,8116,58948
B,8118,179
R,8120,37978
B,8123,94
I,8125,58953
B,8127,188
R,8130,38010
B,8132,102
I,8134,58934
B,8137,168
R,8139,37985
B,8142,106
I,8144,58964
B,8146,187
R,8149,37976
B,8151,108
I,8153,58956
B,8156,173
R,8158,37969
B,8160,109
I,8163,58929
B,8165,182
R,8168,37993
B,8170,97
I,8172,58964
B,8175,183
R,8177,38004
B,8179,104
I,8182,58965
B,8184,183
R,8186,37966
B,8189,95
I,8191,58970
B,8193,185
R,8196,37989
B,8198,102
I,8201,58937
B,8203,170
R,8205,37983
B,8208,107
I,8210,58978
B,8212,177
R,8215,38015
B,8217,107
I,8219,58974
B,8222,169
R,8224,37998
B,8227,114
I,8229,58997
B,8231,184
R,8234,38012
B,8236,97
I,8238,58973
B,8241,177
R,8243,38027
B,8245,101
I,8248,59032
B,8250,182
R,8252,38011
B,8255,94
I,8257,59019
B,8260,188
R,8262,38020
B,8264,104
I,8267,59033
B,8269,175
R,8271,38015
B,8274,102
I,8276,59038
B,8278,182
R,8281,38020
B,8283,107
I,8286,59023
B,8288,169
R,8290,38017
B,8293,117
I,8295,59054
B,8297,180
R,8300,38027
B,8302,101
I,8304,59043
B,8307,176
R,8309,38040
B,8312,106
I,8314,59040
B,8316,181
R,8319,38022
B,8321,94
I,8323,59041
B,8326,192
R,8328,38042
B,8330,102
I,8333,59059
B,8335,180
R,8337,37985
B,8340,95
I,8342,59047
B,8345,185
R,8347,38019
B,8349,105
I,8352,59037
B,8354,172
R,8356,38007
B,8359,112
I,8361,59034
B,8363,185
R,8366,38018
B,8368,102
I,8370,59032
B,8373,179
R,8375,38016
B,8378,110
I,8380,59028
B,8382,182
R,8385,37996
B,8387,91
I,8389,59010
B,8392,185
R,8394,37994
B,8396,101
I,8399,59021
B,8401,182
R,8404,37967
B,8406,97
I,8408,59025
B,8411,186
R,8413,37986
B,8415,102
I,8418,58971
B,8420,171
R,8422,37974
B,8425,108
I,8427,59004
B,8430,179
R,8432,37980
B,8434,104
I,8437,58987
B,8439,168
R,8441,37996
B,8444,111
I,8446,58990
B,8448,180
R,8451,38001
B,8453,94
I,8455,58986
B,8458,183
R,8460,37990
B,8463,111
I,8465,58988
B,8467,185
R,8470,37966
B,8472,94
I,8474,58991
B,8477,187
R,8479,37977
B,8481,106
I,8484,58990
B,8486,176
R,8489,37978
B,8491,104
I,8493,58956
B,8496,177
R,8498,37976
B,8500,108
I,8503,58971
B,8505,174
R,8507,37957
B,8510,113
I,8512,58948
B,8514,179
R,8517,37963
B,8519,97
I,8522,58953
B,8524,177
R,8526,37934
B,8529,104
I,8531,58959
B,8533,181
R,8536,37956
B,8538,93
I,8540,58955
B,8543,188
R,8545,37950
B,8548,103
I,8550,58953
B,8552,176
R,8555,37924
B,8557,98
I,8559,58972
B,8562,184
R,8564,37928
B,8566,104
I,8569,58948
B,8571,175
R,8573,37937
B,8576,110
I,8578,58953
B,8581,179
R,8583,37942
B,8585,100
I,8588,58923
B,8590,178
R,8592,37926
B,8595,103
I,8597,58946
B,8599,179
R,8602,37908
B,8604,91
I,8607,58949
B,8609,182
R,8611,37946
B,8614,98
I,8616,58955
B,8618,177
R,8621,37927
B,8623,98
I,8625,58955
B,8628,182
R,8630,37933
B,8632,105
I,8635,58946
B,8637,167
R,8640,37916
B,8642,110
I,8644,58967
B,8647,181
R,8649,37928
B,8651,101
I,8654,58945
B,8656,172
R,8658,37920
B,8661,106
I,8663,58956
B,8666,180
R,8668,37918
B,8670,91
I,8673,58945
B,8675,181
R,8677,37933
B,8680,97
I,8682,58971
B,8684,180
R,8687,37925
B,8689,93
I,8691,58993
B,8694,193
R,8696,37947
B,8699,104
I,8701,58993
B,8703,172
R,8706,37953
B,8708,108
I,8710,59019
B,8713,182
R,8715,37964
B,8717,104
I,8720,59007
B,8722,170
R,8725,37938
B,8727,110
I,8729,59018
B,8732,181
R,8734,37938
B,8736,97
I,8739,59004
B,8741,177
R,8743,37973
B,8746,101
I,8748,58975
B,8751,180
R,8753,37924
B,8755,90
I,8758,59021
B,8760,185
R,8762,37947
B,8765,103
I,8767,58977
B,8769,172
R,8772,37952
B,8774,101
I,8776,59018
B,8779,182
R,8781,37954
B,8784,99
I,8786,59011
B,8788,169
R,8791,37962
B,8793,111
I,8795,58977
B,8798,177
R,8800,37943
B,8802,96
I,8805,59001
B,8807,180
R,8810,37959
B,8812,103
I,8814,59017
B,8817,177
R,8819,37931
B,8821,89
I,8824,59015
B,8826,190
R,8828,37952
B,8831,100
I,8833,59030
B,8835,170
R,8838,37937
B,8840,97
I,8843,59046
B,8845,176
R,8847,37948
B,8850,101
I,8852,59029
B,8854,168
R,8857,37960
B,8859,107
I,8861,59039
B,8864,176
R,8866,37962
B,8869,102
I,8871,59019
B,8873,175
R,8876,37951
B,8878,108
I,8880,59027
B,8883,177
R,8885,37933
B,8887,88
I,8890,59019
B,8892,188
R,8894,37940
B,8897,100
I,8899,59026
B,8902,185
R,8904,37914
B,8906,95
I,8909,59010
B,8911,183
R,8913,37922
B,8916,103
I,8918,59015
B,8920,170
R,8923,37921
B,8925,109
I,8928,59012
B,8930,177
R,8932,37934
B,8935,103
I,8937,58996
B,8939,170
R,8942,37929
B,8944,109
I,8946,59012
B,8949,181
R,8951,37916
B,8953,93
I,8956,59012
B,8958,182
R,8961,37938
B,8963,100
I,8965,59041
B,8968,181
R,8970,37929
B,8972,92
I,8975,59057
B,8977,187
R,8979,37930
B,8982,101
I,8984,59048
B,8987,170
R,8989,37942
B,8991,104
I,8994,59057
B,8996,173
R,8998,37943
B,9001,105
I,9003,59047
B,9005,166
R,9008,37953
B,9010,111
I,9012,59073
B,9015,178
R,9017,37932
B,9020,95
I,9022,59021
B,9024,184
R,9027,37963
B,9029,104
I,9031,59069
B,9034,183
R,9036,37920
B,9038,98
I,9041,59075
B,9043,188
R,9046,37955
B,9048,102
I,9050,59084
B,9053,175
R,9055,37945
B,9057,101
I,9060,59053
B,9062,186
R,9064,37964
B,9067,103
I,9069,59079
B,9071,173
R,9074,37937
B,9076,107
I,9079,59082
B,9081,175
R,9083,37957
B,9086,99
I,9088,59060
B,9090,178
R,9093,37949
B,9095,106
I,9097,59079
B,9100,180
R,9102,37928
B,9105,94
I,9107,59066
B,9109,193
R,9112,37939
B,9114,106
I,9116,59063
B,9119,179
R,9121,37907
B,9123,98
I,9126,59020
B,9128,184
R,9130,37923
B,9133,103
I,9135,59006
B,9138,168
R,9140,37920
B,9142,108
I,9145,59006
B,9147,178
R,9149,37917
B,9152,104
I,9154,58984
B,9156,170
R,9159,37920
B,9161,110
I,9164,58961
B,9166,180
R,9168,37916
B,9171,91
I,9173,58963
B,9175,182
R,9178,37924
B,9180,99
I,9182,59008
B,9185,175
R,9187,37897
B,9189,92
I,9192,59018
B,9194,182
R,9197,37923
B,9199,100
I,9201,59008
B,9204,170
R,9206,37912
B,9208,103
I,9211,59062
B,9213,178
R,9215,37922
B,9218,104
I,9220,58973
B,9223,165
R,9225,37935
B,9227,109
I,9230,59015
B,9232,180
R,9234,37922
B,9237,94
I,9239,58987
B,9241,183
R,9244,37922
B,9246,101
I,9248,59018
B,9251,179
R,9253,37873
B,9256,94
I,9258,58979
B,9260,188
R,9263,37909
B,9265,101
I,9267,59024
B,9270,174
R,9272,37882
B,9274,104
I,9277,59027
B,9279,178
R,9282,37894
B,9284,102
I,9286,59015
B,9289,165
R,9291,37913
B,9293,114
I,9296,58986
B,9298,179
R,9300,37910
B,9303,96
I,9305,59028
B,9308,180
R,9310,37907
B,9312,104
I,9315,59047
B,9317,180
R,9319,37900
B,9322,92
I,9324,59057
B,9326,184
R,9329,37940
B,9331,101
I,9333,59049
B,9336,173
R,9338,37927
B,9341,101
I,9343,59058
B,9345,180
R,9348,37925
B,9350,106
I,9352,59056
B,9355,171
R,9357,37920
B,9359,106
I,9362,59028
B,9364,174
R,9367,37920
B,9369,98
I,9371,59054
B,9374,176
R,9376,37934
B,9378,99
I,9381,59054
B,9383,177
R,9385,37922
B,9388,91
I,9390,59051
B,9392,185
R,9395,37892
B,9397,101
I,9400,59068
B,9402,182
R,9404,37903
B,9407,99
I,9409,59072
B,9411,184
R,9414,37910
B,9416,104
I,9418,59066
B,9421,169
R,9423,37894
B,9426,109
I,9428,59069
B,9430,181
R,9433,37923
B,9435,103
I,9437,59030
B,9440,171
R,9442,37927
B,9444,109
I,9447,59105
B,9449,182
R,9451,37924
B,9454,90
I,9456,59059
B,9459,188
R,9461,37943
B,9463,99
I,9466,59085
B,9468,178
R,9470,37920
B,9473,96
I,9475,59100
B,9477,192
R,9480,37945
B,9482,103
I,9485,59087
B,9487,171
R,9489,37917
B,9492,105
I,9494,59067
B,9496,183
R,9499,37911
B,9501,105
I,9503,59097
B,9506,169
R,9508,37941
B,9510,111
I,9513,59096
B,9515,180
R,9518,37908
B,9520,94
I,9522,59100
B,9525,184
R,9527,37953
B,9529,100
I,9532,59113
B,9534,179
R,9536,37937
B,9539,93
I,9541,59115
B,9544,191
R,9546,37913
B,9548,106
I,9551,59123
B,9553,183
R,9555,37932
B,9558,105
I,9560,59123
B,9562,183
R,9565,37955
B,9567,101
I,9569,59125
B,9572,172
R,9574,37945
B,9577,114
I,9579,59121
B,9581,175
R,9584,37931
B,9586,101
I,9588,59122
B,9591,180
R,9593,37940
B,9595,101
I,9598,59126
B,9600,178
R,9603,37921
B,9605,94
I,9607,59141
B,9610,189
R,9612,37946
B,9614,105
I,9617,59137
B,9619,177
R,9621,37901
B,9624,98
I,9626,59115
B,9628,180
R,9631,37939
B,9633,102
I,9636,59127
B,9638,168
R,9640,37932
B,9643,106
I,9645,59144
B,9647,175
R,9650,37913
B,9652,102
I,9654,59122
B,9657,176
R,9659,37914
B,9662,103
I,9664,59135
B,9666,182
R,9669,37928
B,9671,94
I,9673,59118
B,9676,189
R,9678,37939
B,9680,98
I,9683,59144
B,9685,172
R,9687,37913
B,9690,93
I,9692,59127
B,9695,188
R,9697,37910
B,9699,107
I,9702,59133
B,9704,170
R,9706,37923
B,9709,110
I,9711,59153
B,9713,179
R,9716,37945
B,9718,108
I,9721,59151
B,9723,177
R,9725,37940
B,9728,112
I,9730,59123
B,9732,180
R,9735,37953
B,9737,93
I,9739,59163
B,9742,181
R,9744,37961
B,9746,102
I,9749,59171
B,9751,183
R,9754,37925
B,9756,95
I,9758,59144
B,9761,191
R,9763,37940
B,9765,102
I,9768,59198
B,9770,173
R,9772,37936
B,9775,105
I,9777,59179
B,9780,182
R,9782,37913
B,9784,107
I,9787,59134
B,9789,169
R,9791,37932
B,9794,112
I,9796,59178
B,9798,178
R,9801,37941
B,9803,94
I,9805,59167
B,9808,179
R,9810,37945
B,9813,106
I,9815,59187
B,9817,181
R,9820,37932
B,9822,87
I,9824,59198
B,9827,185
R,9829,37954
B,9831,103
I,9834,59197
B,9836,172
R,9839,37932
B,9841,102
I,9843,59189
B,9846,185
R,9848,37925
B,9850,104
I,9853,59189
B,9855,170
R,9857,37945
B,9860,109
I,9862,59194
B,9864,177
R,9867,37951
B,9869,101
I,9872,59161
B,9874,184
R,9876,37930
B,9879,102
I,9881,59175
B,9883,182
R,9886,37920
B,9888,93
I,9890,59161
B,9893,183
R,9895,37903
B,9898,98
I,9900,59108
B,9902,176
R,9905,37915
B,9907,97
I,9909,59116
B,9912,186
R,9914,37919
B,9916,105
I,9919,59127
B,9921,168
R,9923,37898
B,9926,107
I,9928,59124
B,9931,181
R,9933,37901
B,9935,102
I,9938,59111
B,9940,174
R,9942,37918
B,9945,109
I,9947,59111
B,9949,183
R,9952,37877
B,9954,95
I,9957,59123
B,9959,186
R,9961,37916
B,9964,105
I,9966,59129
B,9968,185
R,9971,37891
B,9973,96
I,9975,59110
B,9978,185
R,9980,37878
B,9983,102
I,9985,59072
B,9987,172
R,9990,37912
B,9992,108
I,9994,59134
B,9997,178
R,9999,37908
B,10001,103
I,10004,59182
B,10006,176
R,10008,37924
B,10011,111
I,10013,59138
B,10016,185
R,10018,37910
B,10020,94
I,10023,59076
B,10025,185
R,10027,37915
B,10030,108
I,10032,59132
B,10035,184
R,10037,37906
B,10039,94
I,10042,59095
B,10044,185
R,10046,37895
B,10049,102
I,10051,59128
B,10053,174
R,10056,37888
B,10058,105
I,10061,59114
B,10063,180
R,10065,37883
B,10068,104
I,10070,59089
B,10072,170
R,10075,37887
B,10077,106
I,10080,59108
B,10082,177
R,10084,37885
B,10087,97
I,10089,59073
B,10091,178
R,10094,37910
B,10096,100
I,10098,59112
B,10101,179
R,10103,37904
B,10106,94
I,10108,59084
B,10110,188
R,10113,37886
B,10115,102
I,10117,59139
B,10120,176
R,10122,37899
B,10125,102
I,10127,59151
B,10129,180
R,10132,37908
B,10134,102
I,10136,59139
B,10139,170
R,10141,37903
B,10143,110
I,10146,59151
B,10148,178
R,10151,37919
B,10153,99
I,10155,59100
B,10158,176
R,10160,37917
B,10162,108
I,10165,59158
B,10167,176
R,10170,37897
B,10172,92
I,10174,59091
B,10177,181
R,10179,37899
B,10181,99
I,10184,59089
B,10186,176
R,10188,37875
B,10191,98
I,10193,59077
B,10196,178
R,10198,37883
B,10200,106
I,10203,59130
B,10205,171
R,10207,37881
B,10210,107
I,10212,59120
B,10214,176
R,10217,37879
B,10219,99
I,10222,59064
B,10224,173
R,10226,37886
B,10229,104
I,10231,59108
B,10233,179
R,10236,37875
B,10238,90
I,10241,59055
B,10243,186
R,10245,37887
B,10248,101
I,10250,59110
B,10252,173
R,10255,37866
B,10257,102
I,10259,59111
B,10262,185
R,10264,37856
B,10267,100
I,10269,59088
B,10271,167
R,10274,37845
B,10276,111
I,10278,59080
B,10281,173
R,10283,37830
B,10286,105
I,10288,59025
B,10290,175
R,10293,37808
B,10295,109
I,10297,59001
B,10300,181
R,10302,37776
B,10305,94
I,10307,58914
B,10309,185
R,10312,37774
B,10314,101
I,10316,58967
B,10319,180
R,10321,37760
B,10323,98
I,10326,58931
B,10328,185
R,10331,37766
B,10333,103
I,10335,58971
B,10338,170
R,10340,37766
B,10342,109
I,10345,59005
B,10347,174
R,10349,37761
B,10352,103
I,10354,58961
B,10357,172
R,10359,37766
B,10361,109
I,10364,58951
B,10366,180
R,10368,37746
B,10371,91
I,10373,58852
B,10376,183
R,10378,37709
B,10380,96
I,10383,58829
B,10385,179
R,10387,37669
B,10390,96
I,10392,58800
B,10394,189
R,10397,37667
B,10399,101
I,10402,58810
B,10404,168
R,10406,37635
B,10409,107
I,10411,58801
B,10413,175
R,10416,37646
B,10418,104
I,10421,58784
B,10423,173
R,10425,37630
B,10428,106
I,10430,58777
B,10432,176
R,10435,37639
B,10437,99
I,10439,58716
B,10442,184
R,10444,37641
B,10447,105
I,10449,58783
B,10451,181
R,10454,37629
B,10456,93
I,10458,58757
B,10461,192
R,10463,37633
B,10466,100
I,10468,58810
B,10470,174
R,10473,37624
B,10475,105
I,10477,58807
B,10480,175
R,10482,37625
B,10484,101
I,10487,58782
B,10489,174
R,10492,37635
B,10494,110
I,10496,58792
B,10499,173
R,10501,37634
B,10503,96
I,10506,58754
B,10508,178
R,10511,37649
B,10513,101
I,10515,58821
B,10518,183
R,10520,37653
B,10522,89
I,10525,58806
B,10527,187
R,10529,37664
B,10532,98
I,10534,58812
B,10537,174
R,10539,37660
B,10541,102
I,10544,58875
B,10546,185
R,10548,37677
B,10551,103
I,10553,58881
B,10556,169
R,10558,37684
B,10560,106
I,10563,58895
B,10565,176
R,10567,37701
B,10570,103
I,10572,58892
B,10574,180
R,10577,37716
B,10579,104
I,10582,58923
B,10584,184
R,10586,37712
B,10589,94
I,10591,58901
B,10593,190
R,10596,37719
B,10598,102
I,10601,58951
B,10603,179
R,10605,37710
B,10608,100
I,10610,58965
B,10612,180
R,10615,37708
B,10617,100
I,10619,58942
B,10622,167
R,10624,37718
B,10627,108
I,10629,58947
B,10631,175
R,10634,37727
B,10636,102
I,10638,58937
B,10641,173
R,10643,37728
B,10646,103
I,10648,58971
B,10650,176
R,10653,37734
B,10655,92
I,10657,58914
B,10660,182
R,10662,37757
B,10664,99
I,10667,58943
B,10669,175
R,10672,37735
B,10674,99
I,10676,58940
B,10679,184
R,10681,37746
B,10683,105
I,10686,58975
B,10688,169
R,10691,37727
B,10693,107
I,10695,58975
B,10698,182
R,10700,37729
B,10702,103
I,10705,58948
B,10707,176
R,10709,37724
B,10712,103
I,10714,58956
B,10717,177
R,10719,37716
B,10721,92
I,10724,58894
B,10726,185
R,10728,37706
B,10731,97
I,10733,58887
B,10735,182
R,10738,37679
B,10740,95
I,10743,58876
B,10745,180
R,10747,37689
B,10750,103
I,10752,58896
B,10754,167
R,10757,37670
B,10759,103
I,10762,58892
B,10764,171
R,10766,37680
B,10769,104
I,10771,58876
B,10773,170
R,10776,37695
B,10778,107
I,10780,58882
B,10783,179
R,10785,37677
B,10788,95
I,10790,58835
B,10792,184
R,10795,37689
B,10797,100
I,10799,58887
B,10802,180
R,10804,37660
B,10807,97
I,10809,58826
B,10811,183
R,10814,37658
B,10816,99
I,10818,58820
B,10821,172
R,10823,37641
B,10825,106
I,10828,58862
B,10830,175
R,10833,37638
B,10835,106
I,10837,58851
B,10840,174
R,10842,37638
B,10844,107
I,10847,58832
B,10849,179
R,10852,37629
B,10854,96
I,10856,58780
B,10859,180
R,10861,37636
B,10863,97
I,10866,58803
B,10868,178
R,10870,37641
B,10873,93
I,10875,58804
B,10878,185
R,10880,37632
B,10882,102
I,10885,58857
B,10887,170
R,10889,37641
B,10892,101
I,10894,58864
B,10896,176
R,10899,37648
B,10901,100
I,10904,58837
B,10906,168
R,10908,37640
B,10911,107
I,10913,58845
B,10915,177
R,10918,37629
B,10920,97
I,10923,58792
B,10925,177
R,10927,37628
B,10930,99
I,10932,58784
B,10934,177
R,10937,37613
B,10939,93
I,10941,58782
B,10944,185
R,10946,37620
B,10949,98
I,10951,58788
B,10953,173
R,10956,37618
B,10958,99
I,10960,58807
B,10963,178
R,10965,37629
B,10968,101
I,10970,58846
B,10972,167
R,10975,37634
B,10977,104
I,10979,58850
B,10982,172
R,10984,37637
B,10986,99
I,10989,58799
B,10991,175
R,10994,37629
B,10996,100
I,10998,58852
B,11001,178
R,11003,37627
B,11005,92
I,11008,58842
B,11010,182
R,11012,37628
B,11015,97
I,11017,58811
B,11020,182
R,11022,37621
B,11024,97
I,11027,58826
B,11029,179
R,11031,37639
B,11034,102
I,11036,58863
B,11039,168
R,11041,37636
B,11043,109
I,11046,58876
B,11048,174
R,11050,37644
B,11053,101
I,11055,58862
B,11057,174
R,11060,37653
B,11062,107
I,11065,58865
B,11067,180
R,11069,37633
B,11072,100
I,11074,58852
B,11076,185
R,11079,37627
B,11081,96
I,11084,58794
B,11086,176
R,11088,37596
B,11091,97
I,11093,58793
B,11095,181
R,11098,37587
B,11100,100
I,11102,58829
B,11105,167
R,11107,37595
B,11110,108
I,11112,58819
B,11114,175
R,11117,37588
B,11119,101
I,11121,58808
B,11124,171
R,11126,37588
B,11129,103
I,11131,58806
B,11133,180
R,11136,37589
B,11138,92
I,11140,58760
B,11143,191
R,11145,37591
B,11147,97
I,11150,58752
B,11152,183
R,11155,37580
B,11157,94
I,11159,58753
B,11162,180
R,11164,37563
B,11166,103
I,11169,58798
B,11171,168
R,11173,37556
B,11176,104
I,11178,58777
B,11181,179
R,11183,37560
B,11185,105
I,11188,58753
B,11190,170
R,11192,37542
B,11195,112
I,11197,58767
B,11200,173
R,11202,37545
B,11204,95
I,11207,58709
B,11209,183
R,11211,37550
B,11214,101
I,11216,58756
B,11218,179
R,11221,37528
B,11223,95
I,11226,58719
B,11228,183
R,11230,37543
B,11233,102
I,11235,58768
B,11237,174
R,11240,37528
B,11242,105
I,11245,58768
B,11247,178
R,11249,37530
B,11252,104
I,11254,58742
B,11256,175
R,11259,37540
B,11261,108
I,11263,58743
B,11266,178
R,11268,37537
B,11271,97
I,11273,58693
B,11275,177
R,11278,37526
B,11280,97
I,11282,58689
B,11285,178
R,11287,37510
B,11290,92
I,11292,58700
B,11294,186
R,11297,37508
B,11299,98
I,11301,58704
B,11304,172
R,11306,37502
B,11308,101
I,11311,58728
B,11313,177
R,11316,37512
B,11318,103
I,11320,58715
B,11323,173
R,11325,37512
B,11327,111
I,11330,58706
B,11332,179
R,11335,37491
B,11337,96
I,11339,58641
B,11342,181
R,11344,37495
B,11346,100
I,11349,58685
B,11351,181
R,11353,37474
B,11356,93
I,11358,58629
B,11361,189
R,11363,37468
B,11365,103
I,11368,58675
B,11370,177
R,11372,37470
B,11375,100
I,11377,58676
B,11379,177
R,11382,37460
B,11384,101
I,11387,58666
B,11389,166
R,11391,37456
B,11394,104
I,11396,58670
B,11398,172
R,11401,37455
B,11403,99
I,11406,58592
B,11408,176
R,11410,37456
B,11413,105
I,11415,58643
B,11417,179
R,11420,37452
B,11422,88
I,11424,58595
B,11427,188
R,11429,37446
B,11432,101
I,11434,58629
B,11436,179
R,11439,37408
B,11441,97
I,11443,58585
B,11446,180
R,11448,37420
B,11451,101
I,11453,58608
B,11455,170
R,11458,37406
B,11460,109
I,11462,58614
B,11465,171
R,11467,37412
B,11469,106
I,11472,58604
B,11474,176
R,11477,37416
B,11479,108
I,11481,58612
B,11484,178
R,11486,37430
B,11488,95
I,11491,58574
B,11493,186
R,11496,37433
B,11498,99
I,11500,58561
B,11503,181
R,11505,37421
B,11507,97
I,11510,58567
B,11512,181
R,11514,37423
B,11517,101
I,11519,58616
B,11522,172
R,11524,37416
B,11526,108
I,11529,58625
B,11531,178
R,11533,37420
B,11536,105
I,11538,58607
B,11541,174
R,11543,37429
B,11545,106
I,11548,58614
B,11550,181
R,11552,37409
B,11555,96
I,11557,58559
B,11559,183
R,11562,37417
B,11564,95
I,11567,58548
B,11569,178
R,11571,37398
B,11574,95
I,11576,58534
B,11578,184
R,11581,37397
B,11583,102
I,11585,58569
B,11588,176
R,11590,37380
B,11593,107
I,11595,58588
B,11597,177
R,11600,37391
B,11602,102
I,11604,58557
B,11607,172
R,11609,37387
B,11612,109
I,11614,58561
B,11616,178
R,11619,37395
B,11621,100
I,11623,58562
B,11626,183
R,11628,37396
B,11630,101
I,11633,58577
B,11635,179
R,11638,37385
B,11640,95
I,11642,58536
B,11645,184
R,11647,37387
B,11649,101
I,11652,58582
B,11654,175
R,11657,37381
B,11659,106
I,11661,58594
B,11664,176
R,11666,37403
B,11668,103
I,11671,58569
B,11673,172
R,11676,37393
B,11678,106
I,11680,58570
B,11683,174
R,11685,37386
B,11687,94
I,11690,58526
B,11692,180
R,11694,37384
B,11697,99
I,11699,58527
B,11702,180
R,11704,37359
B,11706,95
I,11709,58536
B,11711,187
R,11713,37389
B,11716,100
I,11718,58597
B,11720,174
R,11723,37379
B,11725,104
I,11728,58576
B,11730,172
R,11732,37387
B,11735,100
I,11737,58584
B,11739,166
R,11742,37391
B,11744,104
I,11747,58591
B,11749,173
R,11751,37389
B,11754,98
I,11756,58539
B,11758,179
R,11761,37398
B,11763,100
I,11765,58594
B,11768,178
R,11770,37377
B,11773,91
I,11775,58541
B,11777,179
R,11780,37388
B,11782,99
I,11784,58558
B,11787,172
R,11789,37369
B,11792,100
I,11794,58619
B,11796,180
R,11799,37397
B,11801,104
I,11803,58614
B,11806,165
R,11808,37403
B,11810,108
I,11813,58613
B,11815,178
R,11818,37405
B,11820,97
I,11822,58560
B,11825,176
R,11827,37402
B,11829,101
I,11832,58639
B,11834,179
R,11836,37393
B,11839,92
I,11841,58576
B,11844,182
R,11846,37394
B,11848,95
I,11851,58572
B,11853,176
R,11855,37356
B,11858,95
I,11860,58586
B,11863,181
R,11865,37382
B,11867,100
I,11870,58619
B,11872,165
R,11874,37383
B,11877,105
I,11879,58629
B,11881,172
R,11884,37395
B,11886,102
I,11889,58623
B,11891,174
R,11893,37384
B,11896,101
I,11898,58634
B,11900,177
R,11903,37397
B,11905,92
I,11908,58585
B,11910,184
R,11912,37420
B,11915,99
I,11917,58607
B,11919,180
R,11922,37417
B,11924,95
I,11926,58612
B,11929,184
R,11931,37408
B,11934,100
I,11936,58661
B,11938,167
R,11941,37409
B,11943,107
I,11945,58660
B,11948,173
R,11950,37406
B,11953,101
I,11955,58658
B,11957,173
R,11960,37417
B,11962,106
I,11964,58668
B,11967,175
R,11969,37413
B,11971,90
I,11974,58617
B,11976,180
R,11979,37407
B,11981,98
I,11983,58626
B,11986,179
R,11988,37405
B,11990,93
I,11993,58636
B,11995,188
R,11998,37413
B,12000,99
I,12002,58632
B,12005,171
R,12007,37415
B,12009,103
I,12012,58694
B,12014,172
R,12016,37426
B,12019,102
I,12021,58689
B,12024,174
R,12026,37435
B,12028,108
I,12031,58693
B,12033,174
R,12035,37437
B,12038,94
I,12040,58662
B,12042,178
R,12045,37438
B,12047,97
I,12050,58655
B,12052,177
R,12054,37414
B,12057,93
I,12059,58667
B,12061,185
R,12064,37428
B,12066,102
I,12069,58708
B,12071,177
R,12073,37412
B,12076,103
I,12078,58717
B,12080,179
R,12083,37437
B,12085,101
I,12087,58708
B,12090,175
R,12092,37426
B,12095,104
I,12097,58714
B,12099,172
R,12102,37419
B,12104,98
I,12106,58671
B,12109,178
R,12111,37444
B,12114,101
I,12116,58714
B,12118,183
R,12121,37421
B,12123,93
I,12125,58676
B,12128,185
R,12130,37441
B,12132,100
I,12135,58732
B,12137,173
R,12140,37427
B,12142,99
I,12144,58685
B,12147,178
R,12149,37433
B,12151,101
I,12154,58726
B,12156,164
R,12159,37443
B,12161,106
I,12163,58730
B,12166,177
R,12168,37436
B,12170,100
I,12173,58738
B,12175,173
R,12177,37447
B,12180,106
I,12182,58752
B,12185,176
R,12187,37441
B,12189,95
I,12192,58700
B,12194,183
R,12196,37438
B,12199,98
I,12201,58711
B,12204,180
R,12206,37421
B,12208,97
I,12211,58717
B,12213,177
R,12215,37438
B,12218,101
I,12220,58756
B,12222,166
R,12225,37440
B,12227,109
I,12230,58755
B,12232,171
R,12234,37445
B,12237,102
I,12239,58756
B,12241,172
R,12244,37466
B,12246,104
I,12248,58769
B,12251,177
R,12253,37445
B,12256,92
I,12258,58718
B,12260,183
R,12263,37461
B,12265,95
I,12267,58729
B,12270,175
R,12272,37436
B,12275,93
I,12277,58732
B,12279,176
R,12282,37456
B,12284,100
I,12286,58789
B,12289,166
R,12291,37444
B,12293,104
I,12296,58785
B,12298,174
R,12301,37449
B,12303,100
I,12305,58771
B,12308,174
R,12310,37460
B,12312,104
I,12315,58770
B,12317,179
R,12320,37456
B,12322,92
I,12324,58739
B,12327,184
R,12329,37456
B,12331,96
I,12334,58741
B,12336,185
R,12338,37450
B,12341,99
I,12343,58745
B,12346,187
R,12348,37463
B,12350,102
I,12353,58814
B,12355,169
R,12357,37450
B,12360,104
I,12362,58815
B,12364,176
R,12367,37461
B,12369,103
I,12372,58813
B,12374,175
R,12376,37471
B,12379,108
I,12381,58803
B,12383,180
R,12386,37467
B,12388,96
I,12390,58764
B,12393,183
R,12395,37477
B,12398,98
I,12400,58774
B,12402,185
R,12405,37452
B,12407,95
I,12409,58769
B,12412,188
R,12414,37460
B,12417,102
I,12419,58808
B,12421,172
R,12424,37457
B,12426,105
I,12428,58812
B,12431,174
R,12433,37473
B,12435,108
I,12438,58804
B,12440,171
R,12443,37459
B,12445,111
I,12447,58802
B,12450,179
R,12452,37465
B,12454,94
I,12457,58749
B,12459,181
R,12462,37464
B,12464,100
I,12466,58783
B,12469,178
R,12471,37444
B,12473,93
I,12476,58745
B,12478,188
R,12480,37452
B,12483,99
I,12485,58738
B,12488,174
R,12490,37441
B,12492,102
I,12495,58777
B,12497,180
R,12499,37446
B,12502,102
I,12504,58768
B,12507,166
R,12509,37450
B,12511,105
I,12514,58784
B,12516,176
R,12518,37450
B,12521,98
I,12523,58731
B,12525,182
R,12528,37449
B,12530,101
I,12533,58795
B,12535,187
R,12537,37454
B,12540,91
I,12542,58755
B,12544,182
R,12547,37458
B,12549,99
I,12551,58757
B,12554,177
R,12556,37446
B,12559,103
I,12561,58818
B,12563,186
R,12566,37454
B,12568,102
I,12570,58798
B,12573,166
R,12575,37456
B,12578,107
I,12580,58801
B,12582,177
R,12585,37454
B,12587,99
I,12589,58740
B,12592,171
R,12594,37459
B,12596,102
I,12599,58779
B,12601,181
R,12604,37428
B,12606,94
I,12608,58722
B,12611,187
R,12613,37437
B,12615,102
I,12618,58775
B,12620,178
R,12623,37417
B,12625,99
I,12627,58736
B,12630,182
R,12632,37423
B,12634,105
I,12637,58793
B,12639,166
R,12641,37426
B,12644,107
I,12646,58769
B,12649,177
R,12651,37436
B,12653,105
I,12656,58773
B,12658,174
R,12660,37433
B,12663,107
I,12665,58799
B,12668,179
R,12670,37448
B,12672,93
I,12675,58763
B,12677,184
R,12679,37457
B,12682,100
I,12684,58833
B,12686,181
R,12689,37441
B,12691,98
I,12694,58787
B,12696,183
R,12698,37460
B,12701,102
I,12703,58833
B,12705,174
R,12708,37443
B,12710,107
I,12712,58832
B,12715,177
R,12717,37448
B,12720,103
I,12722,58825
B,12724,175
R,12727,37444
B,12729,112
I,12731,58835
B,12734,183
R,12736,37441
B,12739,94
I,12741,58759
B,12743,183
R,12746,37452
B,12748,99
I,12750,58793
B,12753,179
R,12755,37442
B,12757,96
I,12760,58789
B,12762,186
R,12765,37447
B,12767,98
I,12769,58770
B,12772,173
R,12774,37433
B,12776,100
I,12779,58826
B,12781,169
R,12784,37446
B,12786,102
I,12788,58814
B,12791,168
R,12793,37448
B,12795,104
I,12798,58844
B,12800,176
R,12802,37455
B,12805,98
I,12807,58800
B,12810,181
R,12812,37461
B,12814,104
I,12817,58860
B,12819,175
R,12821,37442
B,12824,91
I,12826,58821
B,12828,182
R,12831,37466
B,12833,100
I,12836,58883
B,12838,171
R,12840,37469
B,12843,98
I,12845,58851
B,12847,175
R,12850,37479
B,12852,102
I,12855,58895
B,12857,167
R,12859,37488
B,12862,106
I,12864,58924
B,12866,178
R,12869,37513
B,12871,92
I,12873,58882
B,12876,176
R,12878,37510
B,12881,99
I,12883,58905
B,12885,183
R,12888,37523
B,12890,92
I,12892,58931
B,12895,182
R,12897,37526
B,12900,96
I,12902,58922
B,12904,175
R,12907,37501
B,12909,98
I,12911,58936
B,12914,175
R,12916,37514
B,12918,98
I,12921,58923
B,12923,168
R,12926,37517
B,12928,106
I,12930,58964
B,12933,177
R,12935,37527
B,12937,97
I,12940,58953
B,12942,172
R,12944,37533
B,12947,103
I,12949,58986
B,12952,178
R,12954,37527
B,12956,91
I,12959,58921
B,12961,180
R,12963,37517
B,12966,96
I,12968,58941
B,12971,174
R,12973,37511
B,12975,100
I,12978,58990
B,12980,178
R,12982,37520
B,12985,101
I,12987,58959
B,12989,172
R,12992,37509
B,12994,108
I,12997,58960
B,12999,175
R,13001,37508
B,13004,102
I,13006,58943
B,13008,175
R,13011,37504
B,13013,103
I,13015,58944
B,13018,180
R,13020,37486
B,13023,93
I,13025,58897
B,13027,185
R,13030,37503
B,13032,100
I,13034,58957
B,13037,179
R,13039,37498
B,13042,95
I,13044,58920
B,13046,180
R,13049,37499
B,13051,102
I,13053,58972
B,13056,167
R,13058,37501
B,13060,103
I,13063,58966
B,13065,175
R,13068,37500
B,13070,102
I,13072,58953
B,13075,173
R,13077,37503
B,13079,102
I,13082,58967
B,13084,179
R,13087,37499
B,13089,90
I,13091,58906
B,13094,180
R,13096,37503
B,13098,97
I,13101,58953
B,13103,182
R,13105,37489
B,13108,99
I,13110,58926
B,13113,186
R,13115,37507
B,13117,98
I,13120,58931
B,13122,173
R,13124,37496
B,13127,105
I,13129,58997
B,13132,173
R,13134,37511
B,13136,101
I,13139,58971
B,13141,176
R,13143,37517
B,13146,106
I,13148,58993
B,13150,180
R,13153,37518
B,13155,94
I,13158,58939
B,13160,181
R,13162,37510
B,13165,104
I,13167,58987
B,13169,184
R,13172,37496
B,13174,95
I,13177,58936
B,13179,185
R,13181,37501
B,13184,102
I,13186,58983
B,13188,175
R,13191,37495
B,13193,103
I,13195,59008
B,13198,178
R,13200,37506
B,13203,104
I,13205,58984
B,13207,169
R,13210,37512
B,13212,110
I,13214,59004
B,13217,179
R,13219,37516
B,13222,97
I,13224,58943
B,13226,178
R,13229,37505
B,13231,100
I,13233,58995
B,13236,184
R,13238,37500
B,13240,91
I,13243,58967
B,13245,184
R,13248,37520
B,13250,101
I,13252,59003
B,13255,172
R,13257,37498
B,13259,100
I,13262,59016
B,13264,178
R,13266,37505
B,13269,104
I,13271,59006
B,13274,173
R,13276,37511
B,13278,109
I,13281,59009
B,13283,177
R,13285,37497
B,13288,100
I,13290,59004
B,13293,185
R,13295,37505
B,13297,101
I,13300,58999
B,13302,175
R,13304,37489
B,13307,91
I,13309,58946
B,13311,185
R,13314,37497
B,13316,99
I,13319,58960
B,13321,175
R,13323,37504
B,13326,98
I,13328,58962
B,13330,176
R,13333,37501
B,13335,102
I,13338,59007
B,13340,169
R,13342,37502
B,13345,109
I,13347,59017
B,13349,180
R,13352,37504
B,13354,102
I,13356,58970
B,13359,177
R,13361,37478
B,13364,103
I,13366,58940
B,13368,182
R,13371,37465
B,13373,93
I,13375,58884
B,13378,184
R,13380,37456
B,13383,101
I,13385,58918
B,13387,178
R,13390,37431
B,13392,97
I,13394,58868
B,13397,181
R,13399,37444
B,13401,101
I,13404,58896
B,13406,172
R,13409,37424
B,13411,105
I,13413,58904
B,13416,178
R,13418,37440
B,13420,97
I,13423,58892
B,13425,177
R,13427,37459
B,13430,102
I,13432,58912
B,13435,175
R,13437,37435
B,13439,95
I,13442,58867
B,13444,184
R,13446,37443
B,13449,100
I,13451,58916
B,13454,177
R,13456,37427
B,13458,95
I,13461,58874
B,13463,180
R,13465,37430
B,13468,99
I,13470,58865
B,13472,171
R,13475,37422
B,13477,107
I,13480,58920
B,13482,177
R,13484,37443
B,13487,101
I,13489,58901
B,13491,170
R,13494,37435
B,13496,105
I,13499,58897
B,13501,181
R,13503,37431
B,13506,95
I,13508,58852
B,13510,182
R,13513,37437
B,13515,99
I,13517,58861
B,13520,180
R,13522,37429
B,13525,95
I,13527,58872
B,13529,183
R,13532,37441
B,13534,99
I,13536,58863
B,13539,172
R,13541,37434
B,13543,107
I,13546,58929
B,13548,172
R,13551,37435
B,13553,107
I,13555,58910
B,13558,170
R,13560,37434
B,13562,106
I,13565,58910
B,13567,176
R,13570,37424
B,13572,96
I,13574,58853
B,13577,184
R,13579,37444
B,13581,100
I,13584,58925
B,13586,181
R,13588,37421
B,13591,93
I,13593,58860
B,13596,186
R,13598,37421
B,13600,98
I,13603,58879
B,13605,172
R,13607,37417
B,13610,102
I,13612,58933
B,13615,175
R,13617,37430
B,13619,104
I,13622,58930
B,13624,170
R,13626,37435
B,13629,107
I,13631,58943
B,13633,180
R,13636,37434
B,13638,97
I,13641,58902
B,13643,181
R,13645,37450
B,13648,103
I,13650,58950
B,13652,179
R,13655,37435
B,13657,95
I,13659,58906
B,13662,184
R,13664,37437
B,13667,101
I,13669,58959
B,13671,174
R,13674,37433
B,13676,102
I,13678,58950
B,13681,176
R,13683,37429
B,13686,100
I,13688,58939
B,13690,169
R,13693,37435
B,13695,107
I,13697,58943
B,13700,180
R,13702,37430
B,13705,98
I,13707,58886
B,13709,177
R,13712,37448
B,13714,100
I,13716,58933
B,13719,180
R,13721,37425
B,13723,92
I,13726,58906
B,13728,185
R,13731,37429
B,13733,98
I,13735,58892
B,13738,175
R,13740,37423
B,13742,97
I,13745,58938
B,13747,179
R,13749,37424
B,13752,103
I,13754,58964
B,13757,168
R,13759,37432
B,13761,114
I,13764,58977
B,13766,178
R,13768,37441
B,13771,100
I,13773,58957
B,13776,177
R,13778,37433
B,13780,102
I,13783,58967
B,13785,179
R,13787,37432
B,13790,89
I,13792,58916
B,13794,190
R,13797,37435
B,13799,98
I,13802,58925
B,13804,182
R,13806,37419
B,13809,96
I,13811,58918
B,13813,181
R,13816,37444
B,13818,101
I,13821,58971
B,13823,173
R,13825,37424
B,13828,106
I,13830,58957
B,13832,178
R,13835,37441
B,13837,102
I,13839,58940
B,13842,173
R,13844,37418
B,13847,103
I,13849,58931
B,13851,178
R,13854,37404
B,13856,93
I,13858,58871
B,13861,179
R,13863,37417
B,13866,101
I,13868,58929
B,13870,179
R,13873,37403
B,13875,96
I,13877,58896
B,13880,180
R,13882,37398
B,13884,103
I,13887,58924
B,13889,171
R,13892,37404
B,13894,104
I,13896,58925
B,13899,175
R,13901,37406
B,13903,107
I,13906,58907
B,13908,172
R,13911,37399
B,13913,107
I,13915,58916
B,13918,179
R,13920,37391
B,13922,91
I,13925,58883
B,13927,182
R,13929,37408
B,13932,97
I,13934,58876
B,13937,181
R,13939,37391
B,13941,91
I,13944,58870
B,13946,182
R,13948,37404
B,13951,98
I,13953,58871
B,13955,172
R,13958,37379
B,13960,103
I,13963,58940
B,13965,179
R,13967,37394
B,13970,99
I,13972,58871
B,13974,166
R,13977,37398
B,13979,107
I,13982,58923
B,13984,176
R,13986,37381
B,13989,94
I,13991,58860
B,13993,184
R,13996,37410
B,13998,99
I,14000,58869
B,14003,180
R,14005,37393
B,14008,91
I,14010,58883
B,14012,192
R,14015,37383
B,14017,98
I,14019,58886
B,14022,174
R,14024,37380
B,14027,102
I,14029,58939
B,14031,177
R,14034,37382
B,14036,106
I,14038,58921
B,14041,169
R,14043,37382
B,14045,109
I,14048,58926
B,14050,179
R,14053,37376
B,14055,97
I,14057,58865
B,14060,180
R,14062,37382
B,14064,102
I,14067,58918
B,14069,179
R,14072,37375
B,14074,95
I,14076,58867
B,14079,184
R,14081,37369
B,14083,100
I,14086,58923
B,14088,175
R,14090,37382
B,14093,102
I,14095,58933
B,14098,178
R,14100,37376
B,14102,101
I,14105,58914
B,14107,175
R,14109,37390
B,14112,108
I,14114,58931
B,14117,178
R,14119,37379
B,14121,99
I,14124,58871
B,14126,179
R,14128,37379
B,14131,105
I,14133,58928
B,14135,183
R,14138,37368
B,14140,95
I,14143,58866
B,14145,189
R,14147,37371
B,14150,99
I,14152,58876
B,14154,179
R,14157,37373
B,14159,99
I,14161,58870
B,14164,179
R,14166,37370
B,14169,102
I,14171,58916
B,14173,169
R,14176,37363
B,14178,106
I,14180,58908
B,14183,177
R,14185,37354
B,14188,100
I,14190,58898
B,14192,174
R,14195,37367
B,14197,103
I,14199,58895
B,14202,177
R,14204,37353
B,14206,94
I,14209,58852
B,14211,185
R,14214,37357
B,14216,96
I,14218,58854
B,14221,181
R,14223,37334
B,14225,99
I,14228,58845
B,14230,184
R,14232,37346
B,14235,104
I,14237,58883
B,14240,165
R,14242,37329
B,14244,107
I,14247,58879
B,14249,184
R,14251,37336
B,14254,104
I,14256,58858
B,14259,171
R,14261,37339
B,14263,105
I,14266,58855
B,14268,180
R,14270,37322
B,14273,91
I,14275,58794
B,14277,182
R,14280,37324
B,14282,96
I,14285,58797
B,14287,176
R,14289,37305
B,14292,92
I,14294,58806
B,14296,183
R,14299,37314
B,14301,98
I,14304,58804
B,14306,176
R,14308,37309
B,14311,102
I,14313,58860
B,14315,179
R,14318,37326
B,14320,103
I,14322,58852
B,14325,174
R,14327,37332
B,14330,113
I,14332,58874
B,14334,179
R,14337,37350
B,14339,95
I,14341,58834
B,14344,182
R,14346,37342
B,14349,98
I,14351,58855
B,14353,181
R,14356,37324
B,14358,97
I,14360,58852
B,14363,189
R,14365,37341
B,14367,99
I,14370,58856
B,14372,172
R,14375,37336
B,14377,102
I,14379,58926
B,14382,177
R,14384,37358
B,14386,108
I,14389,58918
B,14391,172
R,14393,37327
B,14396,112
I,14398,58888
B,14401,180
R,14403,37330
B,14405,99
I,14408,58821
B,14410,185
R,14412,37345
B,14415,100
I,14417,58873
B,14420,184
R,14422,37317
B,14424,90
I,14427,58840
B,14429,186
R,14431,37335
B,14434,99
I,14436,58846
B,14438,176
R,14441,37318
B,14443,100
I,14446,58897
B,14448,173
R,14450,37322
B,14453,101
I,14455,58889
B,14457,175
R,14460,37320
B,14462,108
I,14465,58898
B,14467,176
R,14469,37324
B,14472,95
I,14474,58838
B,14476,176
R,14479,37330
B,14481,102
I,14483,58899
B,14486,181
R,14488,37325
B,14491,93
I,14493,58830
B,14495,192
R,14498,37326
B,14500,100
I,14502,58903
B,14505,178
R,14507,37326
B,14510,98
I,14512,58863
B,14514,182
R,14517,37338
B,14519,102
I,14521,58918
B,14524,169
R,14526,37337
B,14528,111
I,14531,58906
B,14533,178
R,14536,37342
B,14538,100
I,14540,58884
B,14543,176
R,14545,37332
B,14547,107
I,14550,58898
B,14552,182
R,14555,37334
B,14557,91
I,14559,58828
B,14562,187
R,14564,37330
B,14566,102
I,14569,58912
B,14571,176
R,14573,37324
B,14576,98
I,14578,58861
B,14581,187
R,14583,37328
B,14585,106
I,14588,58906
B,14590,180
R,14592,37331
B,14595,111
I,14597,58920
B,14600,176
R,14602,37344
B,14604,102
I,14607,58909
B,14609,171
R,14611,37332
B,14614,106
I,14616,58916
B,14618,180
R,14621,37329
B,14623,91
I,14626,58861
B,14628,184
R,14630,37346
B,14633,100
I,14635,58921
B,14637,179
R,14640,37322
B,14642,97
I,14644,58887
B,14647,184
R,14649,37322
B,14652,100
I,14654,58914
B,14656,169
R,14659,37325
B,14661,107
I,14663,58920
B,14666,175
R,14668,37325
B,14671,103
I,14673,58912
B,14675,170
R,14678,37322
B,14680,103
I,14682,58933
B,14685,174
R,14687,37327
B,14690,95
I,14692,58870
B,14694,180
R,14697,37330
B,14699,98
I,14701,58890
B,14704,179
R,14706,37332
B,14708,93
I,14711,58898
B,14713,192
R,14716,37329
B,14718,103
I,14720,58943
B,14723,168
R,14725,37333
B,14727,106
I,14730,58987
B,14732,180
R,14734,37344
B,14737,105
I,14739,58942
B,14742,169
R,14744,37341
B,14746,113
I,14749,58943
B,14751,182
R,14753,37336
B,14756,97
I,14758,58891
B,14761,183
R,14763,37342
B,14765,99
I,14768,58908
B,14770,182
R,14772,37320
B,14775,92
I,14777,58888
B,14779,186
R,14782,37320
B,14784,101
I,14787,58944
B,14789,176
R,14791,37319
B,14794,103
I,14796,58946
B,14798,177
R,14801,37326
B,14803,105
I,14806,58936
B,14808,168
R,14810,37326
B,14813,109
I,14815,58952
B,14817,179
R,14820,37325
B,14822,98
I,14824,58890
B,14827,181
R,14829,37343
B,14832,101
I,14834,58945
B,14836,178
R,14839,37327
B,14841,95
I,14843,58900
B,14846,192
R,14848,37333
B,14850,102
I,14853,58975
B,14855,175
R,14858,37327
B,14860,101
I,14862,58971
B,14865,182
R,14867,37341
B,14869,105
I,14872,58971
B,14874,169
R,14877,37360
B,14879,109
I,14881,58989
B,14884,179
R,14886,37358
B,14888,102
I,14891,58976
B,14893,174
R,14896,37356
B,14898,100
I,14900,58986
B,14903,178
R,14905,37343
B,14907,92
I,14910,58935
B,14912,185
R,14914,37345
B,14917,98
I,14919,58920
B,14922,182
R,14924,37335
B,14926,99
I,14929,58931
B,14931,182
R,14933,37339
B,14936,104
I,14938,58972
B,14940,170
R,14943,37339
B,14945,110
I,14948,58949
B,14950,173
R,14952,37337
B,14955,100
I,14957,58924
B,14959,176
R,14962,37327
B,14964,106
I,14967,58932
B,14969,184
R,14971,37314
B,14974,92
I,14976,58884
B,14978,188
R,14981,37335
B,14983,98
I,14985,58887
B,14988,178
R,14990,37305
B,14993,99
I,14995,58910
B,14997,185
R,15000,37315
B,15002,102
I,15004,58957
B,15007,168
R,15009,37325
B,15012,108
I,15014,58972
B,15016,182
R,15019,37326
B,15021,101
I,15023,58934
B,15026,172
R,15028,37323
B,15030,108
I,15033,58957
B,15035,178
R,15038,37325
B,15040,91
I,15042,58890
B,15045,182
R,15047,37319
B,15049,100
I,15052,58957
B,15054,179
R,15057,37319
B,15059,94
I,15061,58927
B,15064,189
R,15066,37319
B,15068,103
I,15071,58955
B,15073,175
R,15075,37308
B,15078,109
I,15080,58947
B,15083,173
R,15085,37317
B,15087,105
I,15090,58926
B,15092,172
R,15094,37296
B,15097,103
I,15099,58917
B,15102,181
R,15104,37293
B,15106,99
I,15109,58865
B,15111,183
R,15113,37297
B,15116,98
I,15118,58859
B,15120,180
R,15123,37284
B,15125,97
I,15128,58862
B,15130,188
R,15132,37302
B,15135,101
I,15137,58898
B,15139,168
R,15142,37295
B,15144,106
I,15146,58905
B,15149,176
R,15151,37268
B,15154,103
I,15156,58849
B,15158,170
R,15161,37257
B,15163,109
I,15165,58854
B,15168,177
R,15170,37262
B,15173,95
I,15175,58780
B,15177,182
R,15180,37263
B,15182,101
I,15184,58852
B,15187,181
R,15189,37255
B,15191,91
I,15194,58824
B,15196,191
R,15199,37281
B,15201,98
I,15203,58830
B,15206,171
R,15208,37260
B,15210,104
I,15213,58896
B,15215,177
R,15217,37281
B,15220,102
I,15222,58886
B,15225,168
R,15227,37284
B,15229,108
I,15232,58892
B,15234,174
R,15236,37272
B,15239,100
I,15241,58885
B,15244,176
R,15246,37277
B,15248,100
I,15251,58898
B,15253,178
R,15255,37273
B,15258,93
I,15260,58840
B,15263,185
R,15265,37279
B,15267,99
I,15270,58852
B,15272,181
R,15274,37249
B,15277,99
I,15279,58826
B,15281,176
R,15284,37260
B,15286,102
I,15289,58871
B,15291,165
R,15293,37260
B,15296,106
I,15298,58870
B,15300,180
R,15303,37269
B,15305,101
I,15307,58852
B,15310,175
R,15312,37267
B,15315,107
I,15317,58872
B,15319,180
R,15322,37266
B,15324,94
I,15326,58836
B,15329,188
R,15331,37280
B,15334,96
I,15336,58852
B,15338,176
R,15341,37260
B,15343,99
I,15345,58875
B,15348,180
R,15350,37284
B,15352,102
I,15355,58928
B,15357,170
R,15360,37278
B,15362,111
I,15364,58937
B,15367,177
R,15369,37288
B,15371,102
I,15374,58918
B,15376,176
R,15379,37291
B,15381,105
I,15383,58927
B,15386,178
R,15388,37282
B,15390,95
I,15393,58865
B,15395,182
R,15397,37287
B,15400,97
I,15402,58868
B,15405,180
R,15407,37259
B,15409,95
I,15412,58874
B,15414,185
R,15416,37263
B,15419,100
I,15421,58929
B,15423,167
R,15426,37262
B,15428,106
I,15431,58940
B,15433,180
R,15435,37267
B,15438,102
I,15440,58916
B,15442,173
R,15445,37287
B,15447,105
I,15450,58927
B,15452,177
R,15454,37275
B,15457,92
I,15459,58873
B,15461,181
R,15464,37294
B,15466,95
I,15468,58886
B,15471,173
R,15473,37263
B,15476,94
I,15478,58878
B,15480,182
R,15483,37269
B,15485,106
I,15487,58930
B,15490,171
R,15492,37254
B,15495,103
I,15497,58930
B,15499,175
R,15502,37250
B,15504,105
I,15506,58903
B,15509,176
R,15511,37265
B,15513,109
I,15516,58907
B,15518,182
R,15521,37255
B,15523,94
I,15525,58841
B,15528,182
R,15530,37259
B,15532,101
I,15535,58912
B,15537,183
R,15540,37243
B,15542,93
I,15544,58875
B,15547,186
R,15549,37255
B,15551,102
I,15554,58916
B,15556,171
R,15558,37258
B,15561,103
I,15563,58940
B,15566,176
R,15568,37265
B,15570,107
I,15573,58934
B,15575,167
R,15577,37275
B,15580,114
I,15582,58928
B,15585,176
R,15587,37276
B,15589,97
I,15592,58884
B,15594,177
R,15596,37274
B,15599,106
I,15601,58950
B,15603,181
R,15606,37258
B,15608,93
I,15611,58890
B,15613,187
R,15615,37272
B,15618,100
I,15620,58940
B,15622,178
R,15625,37255
B,15627,102
I,15630,58953
B,15632,183
R,15634,37268
B,15637,104
I,15639,58933
B,15641,170
R,15644,37253
B,15646,108
I,15648,58920
B,15651,181
R,15653,37260
B,15656,99
I,15658,58864
B,15660,180
R,15663,37254
B,15665,102
I,15667,58915
B,15670,178
R,15672,37238
B,15675,95
I,15677,58888
B,15679,187
R,15682,37254
B,15684,100
I,15686,58926
B,15689,178
R,15691,37235
B,15693,98
I,15696,58876
B,15698,178
R,15701,37229
B,15703,107
I,15705,58907
B,15708,172
R,15710,37233
B,15712,107
I,15715,58930
B,15717,177
R,15719,37228
B,15722,99
I,15724,58844
B,15727,175
R,15729,37243
B,15731,105
I,15734,58904
B,15736,180
R,15738,37236
B,15741,93
I,15743,58874
B,15746,184
R,15748,37241
B,15750,96
I,15753,58871
B,15755,178
R,15757,37235
B,15760,98
I,15762,58901
B,15764,182
R,15767,37231
B,15769,103
I,15772,58929
B,15774,169
R,15776,37239
B,15779,108
I,15781,58936
B,15783,175
R,15786,37241
B,15788,108
I,15790,58919
B,15793,181
R,15795,37250
B,15798,109
I,15800,58929
B,15802,180
R,15805,37238
B,15807,91
I,15809,58871
B,15812,182
R,15814,37244
B,15817,99
I,15819,58880
B,15821,191
R,15824,37228
B,15826,92
I,15828,58875
B,15831,183
R,15833,37232
B,15835,103
I,15838,58919
B,15840,169
R,15843,37232
B,15845,109
I,15847,58930
B,15850,178
R,15852,37239
B,15854,105
I,15857,58936
B,15859,170
R,15862,37241
B,15864,115
I,15866,58929
B,15869,179
R,15871,37251
B,15873,94
I,15876,58931
B,15878,186
R,15880,37249
B,15883,100
I,15885,58946
B,15888,182
R,15890,37232
B,15892,92
I,15895,58903
B,15897,187
R,15899,37254
B,15902,104
I,15904,58944
B,15907,172
R,15909,37230
B,15911,107
I,15914,58942
B,15916,177
R,15918,37236
B,15921,104
I,15923,58926
B,15925,169
R,15928,37240
B,15930,114
I,15933,58925
B,15935,181
R,15937,37225
B,15940,93
I,15942,58882
B,15944,181
R,15947,37226
B,15949,101
I,15952,58932
B,15954,184
R,15956,37225
B,15959,92
I,15961,58896
B,15963,186
R,15966,37244
B,15968,100
I,15970,58950
B,15973,177
R,15975,37229
B,15978,102
I,15980,58945
B,15982,174
R,15985,37233
B,15987,104
I,15989,58950
B,15992,170
R,15994,37228
B,15997,111
I,15999,58945
B,16001,177
R,16004,37221
B,16006,99
I,16008,58888
B,16011,179
R,16013,37237
B,16015,104
I,16018,58927
B,16020,179
R,16023,37216
B,16025,89
I,16027,58882
B,16030,182
R,16032,37217
B,16034,101
I,16037,58915
B,16039,176
R,16042,37194
B,16044,102
I,16046,58906
B,16049,175
R,16051,37205
B,16053,104
I,16056,58870
B,16058,171
R,16060,37175
B,16063,107
I,16065,58865
B,16068,177
R,16070,37182
B,16072,98
I,16075,58783
B,16077,174
R,16079,37173
B,16082,100
I,16084,58843
B,16087,179
R,16089,37177
B,16091,94
I,16094,58786
B,16096,183
R,16098,37171
B,16101,99
I,16103,58793
B,16105,176
R,16108,37144
B,16110,96
I,16113,58800
B,16115,182
R,16117,37171
B,16120,102
I,16122,58837
B,16124,169
R,16127,37171
B,16129,106
I,16131,58844
B,16134,172
R,16136,37175
B,16139,100
I,16141,58840
B,16143,175
R,16146,37174
B,16148,104
I,16150,58847
B,16153,176
R,16155,37172
B,16158,94
I,16160,58804
B,16162,182
R,16165,37178
B,16167,94
I,16169,58805
B,16172,176
R,16174,37155
B,16176,94
I,16179,58807
B,16181,183
R,16184,37171
B,16186,101
I,16188,58832
B,16191,172
R,16193,37157
B,16195,102
I,16198,58855
B,16200,176
R,16203,37157
B,16205,104
I,16207,58831
B,16210,173
R,16212,37164
B,16214,107
I,16217,58871
B,16219,177
R,16221,37159
B,16224,92
I,16226,58790
B,16229,183
R,16231,37154
B,16233,99
I,16236,58800
B,16238,179
R,16240,37149
B,16243,95
I,16245,58803
B,16248,188
R,16250,37161
B,16252,102
I,16255,58855
B,16257,168
R,16259,37159
B,16262,107
I,16264,58855
B,16266,173
R,16269,37166
B,16271,104
I,16274,58846
B,16276,172
R,16278,37172
B,16281,106
I,16283,58875
B,16285,179
R,16288,37160
B,16290,93
I,16293,58819
B,16295,182
R,16297,37174
B,16300,95
I,16302,58826
B,16304,181
R,16307,37159
B,16309,92
I,16311,58828
B,16314,178
R,16316,37174
B,16319,100
I,16321,58885
B,16323,176
R,16326,37153
B,16328,99
I,16330,58824
B,16333,168
R,16335,37165
B,16337,100
I,16340,58865
B,16342,167
R,16345,37175
B,16347,107
I,16349,58869
B,16352,175
R,16354,37168
B,16356,97
I,16359,58816
B,16361,178
R,16364,37164
B,16366,99
I,16368,58850
B,16371,182
R,16373,37168
B,16375,95
I,16378,58842
B,16380,186
R,16382,37169
B,16385,99
I,16387,58827
B,16390,172
R,16392,37159
B,16394,100
I,16397,58884
B,16399,172
R,16401,37182
B,16404,100
I,16406,58884
B,16409,168
R,16411,37176
B,16413,112
I,16416,58890
B,16418,174
R,16420,37192
B,16423,100
I,16425,58895
B,16427,172
R,16430,37194
B,16432,103
I,16435,58902
B,16437,178
R,16439,37176
B,16442,94
I,16444,58885
B,16446,185
R,16449,37189
B,16451,97
I,16454,58882
B,16456,172
R,16458,37170
B,16461,100
I,16463,58928
B,16465,181
R,16468,37198
B,16470,103
I,16472,58929
B,16475,165
R,16477,37183
B,16480,104
I,16482,58934
B,16484,175
R,16487,37188
B,16489,100
I,16491,58923
B,16494,175
R,16496,37189
B,16499,101
I,16501,58926
B,16503,180
R,16506,37182
B,16508,94
I,16510,58873
B,16513,182
R,16515,37194
B,16517,97
I,16520,58879
B,16522,175
R,16525,37176
B,16527,98
I,16529,58895
B,16532,184
R,16534,37173
B,16536,104
I,16539,58925
B,16541,167
R,16544,37179
B,16546,108
I,16548,58941
B,16551,181
R,16553,37184
B,16555,104
I,16558,58953
B,16560,174
R,16562,37200
B,16565,104
I,16567,58939
B,16570,176
R,16572,37187
B,16574,87
I,16577,58892
B,16579,182
R,16581,37194
B,16584,100
I,16586,58949
B,16589,175
R,16591,37167
B,16593,96
I,16596,58896
B,16598,183
R,16600,37185
B,16603,100
I,16605,58950
B,16607,174
R,16610,37180
B,16612,106
I,16615,58963
B,16617,173
R,16619,37190
B,16622,105
I,16624,58943
B,16626,169
R,16629,37186
B,16631,107
I,16634,58945
B,16636,176
R,16638,37171
B,16641,89
I,16643,58898
B,16645,183
R,16648,37193
B,16650,103
I,16652,58943
B,16655,181
R,16657,37168
B,16660,96
I,16662,58910
B,16664,180
R,16667,37180
B,16669,102
I,16671,58939
B,16674,165
R,16676,37176
B,16679,103
I,16681,58963
B,16683,172
R,16686,37185
B,16688,101
I,16690,58940
B,16693,165
R,16695,37189
B,16697,105
I,16700,58964
B,16702,176
R,16705,37183
B,16707,93
I,16709,58891
B,16712,177
R,16714,37185
B,16716,96
I,16719,58909
B,16721,176
R,16724,37179
B,16726,93
I,16728,58915
B,16731,187
R,16733,37177
B,16735,100
I,16738,58968
B,16740,173
R,16742,37185
B,16745,104
I,16747,58969
B,16750,179
R,16752,37184
B,16754,103
I,16757,58962
B,16759,167
R,16761,37195
B,16764,108
I,16766,58969
B,16769,179
R,16771,37191
B,16773,97
I,16776,58919
B,16778,179
R,16780,37204
B,16783,102
I,16785,58978
B,16787,179
R,16790,37181
B,16792,93
I,16795,58926
B,16797,185
R,16799,37186
B,16802,100
I,16804,58973
B,16806,174
R,16809,37181
B,16811,103
I,16814,58974
B,16816,181
R,16818,37186
B,16821,105
I,16823,58966
B,16825,169
R,16828,37182
B,16830,115
I,16832,58974
B,16835,175
R,16837,37178
B,16840,99
I,16842,58916
B,16844,176
R,16847,37189
B,16849,105
I,16851,58975
B,16854,181
R,16856,37176
B,16859,94
I,16861,58928
B,16863,189
R,16866,37173
B,16868,98
I,16870,58925
B,16873,174
R,16875,37169
B,16877,98
I,16880,58932
B,16882,178
R,16885,37173
B,16887,105
I,16889,58976
B,16892,171
R,16894,37176
B,16896,110
I,16899,58988
B,16901,175
R,16903,37165
B,16906,102
I,16908,58947
B,16911,176
R,16913,37182
B,16915,104
I,16918,58961
B,16920,183
R,16922,37158
B,16925,90
I,16927,58893
B,16930,186
R,16932,37166
B,16934,97
I,16937,58918
B,16939,178
R,16941,37164
B,16944,100
I,16946,58963
B,16948,179
R,16951,37155
B,16953,102
I,16956,58944
B,16958,169
R,16960,37145
B,16963,111
I,16965,58921
B,16967,180
R,16970,37137
B,16972,101
I,16975,58900
B,16977,172
R,16979,37133
B,16982,107
I,16984,58899
B,16986,184
R,16989,37138
B,16991,98
I,16993,58838
B,16996,183
R,16998,37126
B,17001,99
I,17003,58840
B,17005,176
R,17008,37113
B,17010,94
I,17012,58864
B,17015,179
R,17017,37120
B,17020,102
I,17022,58889
B,17024,166
R,17027,37111
B,17029,107
I,17031,58911
B,17034,172
R,17036,37125
B,17038,103
