TAG,Value,Time
I,63536,36202
B,63539,151
R,63541,24049
B,63543,90
I,63546,36163
B,63548,147
R,63550,24093
B,63553,106
I,63555,36195
B,63558,148
R,63560,24072
B,63562,83
I,63565,36147
B,63567,145
R,63569,24049
B,63572,94
I,63574,36167
B,63576,146
R,63579,24053
B,63581,83
I,63584,36191
B,63586,159
R,63588,24056
B,63591,90
I,63593,36200
B,63595,139
R,63598,24056
B,63600,96
I,63602,36146
B,63605,142
R,63607,24021
B,63610,91
I,63612,36176
B,63614,136
R,63617,24019
B,63619,107
I,63621,36200
B,63624,142
R,63626,24023
B,63629,84
I,63631,36109
B,63633,147
R,63636,24069
B,63638,96
I,63640,36145
B,63643,144
R,63645,24032
B,63647,87
I,63650,36195
B,63652,155
R,63655,24012
B,63657,92
I,63659,36153
B,63662,138
R,63664,23982
B,63666,92
I,63669,36185
B,63671,150
R,63673,24029
B,63676,92
I,63678,36153
B,63681,134
R,63683,24014
B,63685,101
I,63688,36218
B,63690,146
R,63692,24015
B,63695,86
I,63697,36164
B,63700,146
R,63702,24012
B,63704,93
I,63707,36158
B,63709,144
R,63711,24019
B,63714,85
I,63716,36161
B,63718,163
R,63721,23988
B,63723,89
I,63726,36202
B,63728,144
R,63730,23995
B,63733,85
I,63735,36172
B,63737,156
R,63740,24029
B,63742,87
I,63744,36155
B,63747,136
R,63749,24033
B,63752,99
I,63754,36177
B,63756,140
R,63759,24020
B,63761,85
I,63763,36180
B,63766,144
R,63768,24027
B,63771,107
I,63773,36211
B,63775,136
R,63778,24016
B,63780,79
I,63782,36175
B,63785,157
R,63787,24044
B,63789,90
I,63792,36167
B,63794,137
R,63797,23977
B,63799,89
I,63801,36168
B,63804,154
R,63806,23990
B,63808,91
I,63811,36155
B,63813,139
R,63815,23976
B,63818,100
I,63820,36151
B,63823,148
R,63825,23982
B,63827,89
I,63830,36101
B,63832,145
R,63834,23995
B,63837,105
I,63839,36094
B,63842,147
R,63844,23967
B,63846,81
I,63849,36092
B,63851,156
R,63853,23939
B,63856,90
I,63858,36071
B,63860,146
R,63863,23939
B,63865,85
I,63868,36076
B,63870,152
R,63872,23939
B,63875,90
I,63877,36106
B,63879,135
R,63882,23954
B,63884,97
I,63886,36057
B,63889,141
R,63891,23928
B,63894,88
I,63896,36063
B,63898,151
R,63901,23938
B,63903,102
I,63905,36108
B,63908,145
R,63910,23976
B,63913,78
I,63915,36097
B,63917,152
R,63920,23975
B,63922,90
I,63924,36125
B,63927,138
R,63929,23958
B,63931,89
I,63934,36114
B,63936,162
R,63939,23989
B,63941,90
I,63943,36145
B,63946,135
R,63948,23944
B,63950,95
I,63953,36125
B,63955,145
R,63957,23956
B,63960,89
I,63962,36086
B,63965,136
R,63967,23963
B,63969,108
I,63972,36154
B,63974,146
R,63976,23935
B,63979,82
I,63981,36126
B,63984,153
R,63986,23945
B,63988,92
I,63991,36113
B,63993,147
R,63995,23960
B,63998,81
I,64000,36129
B,64002,166
R,64005,23937
B,64007,90
I,64010,36137
B,64012,141
R,64014,23963
B,64017,100
I,64019,36180
B,64021,151
R,64024,23980
B,64026,89
I,64029,36150
B,64031,141
R,64033,23995
B,64036,106
I,64038,36184
B,64040,144
R,64043,23973
B,64045,84
I,64047,36108
B,64050,151
R,64052,24003
B,64055,94
I,64057,36141
B,64059,142
R,64062,23904
B,64064,86
I,64066,36163
B,64069,158
R,64071,23949
B,64073,91
I,64076,36140
B,64078,141
R,64081,23963
B,64083,94
I,64085,36171
B,64088,150
R,64090,23965
B,64092,96
I,64095,36136
B,64097,138
R,64100,23947
B,64102,104
I,64104,36133
B,64107,144
R,64109,23950
B,64111,87
I,64114,36130
B,64116,146
R,64118,23947
B,64121,98
I,64123,36147
B,64126,140
R,64128,23945
B,64130,79
I,64133,36126
B,64135,155
R,64137,23944
B,64140,90
I,64142,36129
B,64144,140
R,64147,23930
B,64149,90
I,64152,36131
B,64154,149
R,64156,24017
B,64159,93
I,64161,36149
B,64163,133
R,64166,23930
B,64168,102
I,64171,36203
B,64173,146
R,64175,23974
B,64178,85
I,64180,36097
B,64182,145
R,64185,23976
B,64187,104
I,64189,36169
B,64192,144
R,64194,23948
B,64197,83
I,64199,36131
B,64201,166
R,64204,23954
B,64206,89
I,64208,36139
B,64211,143
R,64213,23922
B,64215,89
I,64218,36120
B,64220,156
R,64223,23949
B,64225,90
I,64227,36147
B,64230,136
R,64232,23924
B,64234,101
I,64237,36197
B,64239,145
R,64242,23957
B,64244,88
I,64246,36153
B,64249,149
R,64251,23949
B,64253,105
I,64256,36218
B,64258,142
R,64260,23939
B,64263,86
I,64265,36172
B,64268,157
R,64270,23942
B,64272,91
I,64275,36148
B,64277,144
R,64279,23965
B,64282,88
I,64284,36205
B,64287,164
R,64289,23956
B,64291,92
I,64294,36171
B,64296,148
R,64298,23935
B,64301,99
I,64303,36166
B,64305,148
R,64308,23949
B,64310,95
I,64313,36127
B,64315,143
R,64317,23974
B,64320,104
I,64322,36219
B,64324,146
R,64327,23942
B,64329,87
I,64331,36138
B,64334,149
R,64336,23944
B,64339,92
I,64341,36180
B,64343,149
R,64346,23938
B,64348,87
I,64350,36190
B,64353,166
R,64355,23986
B,64358,94
I,64360,36166
B,64362,139
R,64365,23921
B,64367,99
I,64369,36200
B,64372,146
R,64374,23959
B,64376,94
I,64379,36172
B,64381,143
R,64384,23966
B,64386,107
I,64388,36217
B,64391,149
R,64393,23912
B,64395,84
I,64398,36201
B,64400,148
R,64402,23947
B,64405,93
I,64407,36175
B,64410,144
R,64412,23933
B,64414,82
I,64417,36183
B,64419,161
R,64421,23960
B,64424,90
I,64426,36215
B,64429,137
R,64431,23922
B,64433,97
I,64436,36173
B,64438,148
R,64440,23935
B,64443,89
I,64445,36178
B,64447,144
R,64450,23912
B,64452,105
I,64455,36247
B,64457,147
R,64459,23924
B,64462,89
I,64464,36169
B,64466,148
R,64469,24024
B,64471,98
I,64473,36235
B,64476,149
R,64478,23919
B,64481,82
I,64483,36175
B,64485,155
R,64488,23933
B,64490,91
I,64492,36182
B,64495,138
R,64497,23931
B,64500,95
I,64502,36184
B,64504,158
R,64507,23930
B,64509,90
I,64511,36188
B,64514,148
R,64516,23947
B,64518,104
I,64521,36253
B,64523,144
R,64526,23966
B,64528,88
I,64530,36168
B,64533,148
R,64535,23964
B,64537,101
I,64540,36234
B,64542,150
R,64545,23903
B,64547,82
I,64549,36151
B,64552,157
R,64554,23954
B,64556,91
I,64559,36196
B,64561,144
R,64563,23899
B,64566,92
I,64568,36207
B,64571,154
R,64573,23926
B,64575,89
I,64578,36215
B,64580,138
R,64582,23908
B,64585,101
I,64587,36221
B,64589,149
R,64592,23926
B,64594,91
I,64597,36215
B,64599,147
R,64601,23937
B,64604,103
I,64606,36209
B,64608,145
R,64611,23917
B,64613,83
I,64616,36190
B,64618,161
R,64620,23926
B,64623,92
I,64625,36184
B,64627,139
R,64630,23883
B,64632,89
I,64634,36210
B,64637,157
R,64639,23896
B,64642,90
I,64644,36183
B,64646,139
R,64649,23904
B,64651,102
I,64653,36222
B,64656,144
R,64658,23931
B,64660,89
I,64663,36160
B,64665,148
R,64668,23924
B,64670,101
I,64672,36244
B,64675,150
R,64677,23850
B,64679,85
I,64682,36142
B,64684,155
R,64687,23971
B,64689,89
I,64691,36186
B,64694,144
R,64696,23901
B,64698,88
I,64701,36184
B,64703,158
R,64705,23905
B,64708,92
I,64710,36199
B,64713,140
R,64715,23879
B,64717,103
I,64720,36188
B,64722,144
R,64724,23881
B,64727,93
I,64729,36119
B,64731,140
R,64734,23858
B,64736,107
I,64739,36108
B,64741,148
R,64743,23858
B,64746,84
I,64748,36072
B,64750,150
R,64753,23821
B,64755,92
I,64758,36072
B,64760,140
R,64762,23827
B,64765,88
I,64767,36029
B,64769,156
R,64772,23799
B,64774,93
I,64776,36067
B,64779,137
R,64781,23827
B,64784,98
I,64786,36039
B,64788,145
R,64791,23815
B,64793,87
I,64795,36047
B,64798,142
R,64800,23847
B,64802,107
I,64805,36089
B,64807,148
R,64810,23806
B,64812,86
I,64814,36035
B,64817,162
R,64819,23880
B,64821,96
I,64824,36092
B,64826,147
R,64829,23808
B,64831,85
I,64833,36040
B,64836,160
R,64838,23816
B,64840,90
I,64843,36042
B,64845,143
R,64847,23826
B,64850,96
I,64852,36121
B,64855,149
R,64857,23814
B,64859,91
I,64862,36082
B,64864,141
R,64866,23813
B,64869,108
I,64871,36138
B,64874,152
R,64876,23795
B,64878,86
I,64881,36075
B,64883,160
R,64885,23798
B,64888,97
I,64890,36078
B,64892,146
R,64895,23813
B,64897,82
I,64900,36096
B,64902,154
R,64904,23843
B,64907,92
I,64909,36095
B,64911,141
R,64914,23856
B,64916,96
I,64918,36095
B,64921,156
R,64923,23797
B,64926,88
I,64928,36082
B,64930,132
R,64933,23818
B,64935,102
I,64937,36121
B,64940,145
R,64942,23820
B,64945,81
I,64947,36123
B,64949,144
R,64952,23848
B,64954,97
I,64956,36132
B,64959,143
R,64961,23840
B,64963,81
I,64966,36103
B,64968,159
R,64971,23847
B,64973,93
I,64975,36131
B,64978,141
R,64980,23787
B,64982,89
I,64985,36138
B,64987,159
R,64989,23802
B,64992,92
I,64994,36123
B,64997,137
R,64999,23839
B,65001,109
I,65004,36119
B,65006,146
R,65008,23791
B,65011,87
I,65013,36061
B,65016,149
R,65018,23799
B,65020,102
I,65023,36144
B,65025,144
R,65027,23809
B,65030,85
I,65032,36093
B,65034,155
R,65037,23795
B,65039,92
I,65042,36127
B,65044,142
R,65046,23798
B,65049,91
I,65051,36097
B,65053,159
R,65056,23856
B,65058,90
I,65060,36081
B,65063,140
R,65065,23785
B,65068,102
I,65070,36110
B,65072,147
R,65075,23792
B,65077,92
I,65079,36042
B,65082,142
R,65084,23813
B,65087,106
I,65089,36153
B,65091,146
R,65094,23779
B,65096,81
I,65098,36114
B,65101,158
R,65103,23805
B,65105,90
I,65108,36079
B,65110,141
R,65113,23809
B,65115,95
I,65117,36123
B,65120,155
R,65122,23816
B,65124,93
I,65127,36111
B,65129,138
R,65131,23832
B,65134,99
I,65136,36116
B,65139,147
R,65141,23801
B,65143,93
I,65146,36112
B,65148,140
R,65150,23806
B,65153,109
I,65155,36140
B,65158,148
R,65160,23805
B,65162,89
I,65165,36122
B,65167,161
R,65169,23802
B,65172,96
I,65174,36121
B,65176,146
R,65179,23777
B,65181,92
I,65184,36122
B,65186,162
R,65188,23840
B,65191,95
I,65193,36106
B,65195,138
R,65198,23803
B,65200,99
I,65202,36131
B,65205,146
R,65207,23820
B,65210,89
I,65212,36100
B,65214,144
R,65217,23832
B,65219,105
I,65221,36140
B,65224,145
R,65226,23809
B,65229,88
I,65231,36121
B,65233,156
R,65236,23816
B,65238,96
I,65240,36149
B,65243,145
R,65245,23791
B,65247,84
I,65250,36138
B,65252,168
R,65255,23830
B,65257,99
I,65259,36119
B,65262,142
R,65264,23785
B,65266,101
I,65269,36175
B,65271,158
R,65273,23825
B,65276,92
I,65278,36143
B,65281,139
R,65283,23830
B,65285,103
I,65288,36194
B,65290,146
R,65292,23811
B,65295,87
I,65297,36147
B,65300,149
R,65302,23842
B,65304,96
I,65307,36179
B,65309,144
R,65311,23784
B,65314,85
I,65316,36140
B,65318,159
R,65321,23808
B,65323,91
I,65326,36190
B,65328,144
R,65330,23800
B,65333,95
I,65335,36188
B,65337,160
R,65340,23815
B,65342,92
I,65344,36104
B,65347,141
R,65349,23804
B,65352,106
I,65354,36218
B,65356,151
R,65359,23810
B,65361,88
I,65363,36159
B,65366,146
R,65368,23802
B,65371,101
I,65373,36177
B,65375,139
R,65378,23858
B,65380,89
I,65382,36144
B,65385,159
R,65387,23818
B,65389,91
I,65392,36168
B,65394,143
R,65397,23785
B,65399,92
I,65401,36184
B,65404,154
R,65406,23810
B,65408,91
I,65411,36163
B,65413,140
R,65416,23813
B,65418,109
I,65420,36230
B,65423,151
R,65425,23830
B,65427,91
I,65430,36186
B,65432,140
R,65434,23840
B,65437,106
I,65439,36193
B,65442,149
R,65444,23799
B,65446,86
I,65449,36196
B,65451,159
R,65453,23778
B,65456,93
I,65458,36175
B,65460,145
R,65463,23797
B,65465,92
I,65468,36168
B,65470,160
R,65472,23827
B,65475,94
I,65477,36179
B,65479,142
R,65482,23802
B,65484,104
I,65487,36244
B,65489,144
R,65491,23818
B,65494,92
I,65496,36179
B,65498,141
R,65501,23817
B,65503,108
I,65505,36183
B,65508,152
R,65510,23825
B,65513,84
I,65515,36166
B,65517,159
R,65520,23815
B,65522,92
I,65524,36184
B,65527,145
R,65529,23797
B,65532,89
I,65534,36205
B,65536,168
R,65539,23782
B,65541,94
I,65543,36205
B,65546,138
R,65548,23812
B,65550,101
I,65553,36226
B,65555,150
R,65558,23837
B,65560,89
I,65562,36214
B,65565,145
R,65567,23810
B,65569,108
I,65572,36267
B,65574,152
R,65576,23808
B,65579,84
I,65581,36227
B,65584,157
R,65586,23856
B,65588,97
I,65591,36187
B,65593,138
R,65595,23812
B,65598,88
I,65600,36191
B,65603,163
R,65605,23769
B,65607,93
I,65610,36170
B,65612,136
R,65614,23759
B,65617,102
I,65619,36203
B,65621,153
R,65624,23741
B,65626,93
I,65629,36148
B,65631,147
R,65633,23782
B,65636,107
I,65638,36157
B,65640,150
R,65643,23759
B,65645,86
I,65647,36065
B,65650,149
R,65652,23745
B,65655,99
I,65657,36078
B,65659,145
R,65662,23715
B,65664,84
I,65666,36054
B,65669,157
R,65671,23709
B,65674,89
I,65676,36044
B,65678,142
R,65681,23694
B,65683,96
I,65685,36005
B,65688,150
R,65690,23680
B,65692,87
I,65695,36024
B,65697,135
R,65700,23701
B,65702,106
I,65704,36113
B,65707,144
R,65709,23684
B,65711,85
I,65714,36035
B,65716,139
R,65718,23730
B,65721,96
I,65723,36070
B,65726,147
R,65728,23699
B,65730,86
I,65733,36061
B,65735,168
R,65737,23711
B,65740,94
I,65742,36104
B,65745,145
R,65747,23706
B,65749,96
I,65752,36075
B,65754,153
R,65756,23734
B,65759,88
I,65761,36111
B,65763,137
R,65766,23729
B,65768,102
I,65771,36159
B,65773,143
R,65775,23741
B,65778,90
I,65780,36115
B,65782,147
R,65785,23756
B,65787,101
I,65789,36156
B,65792,148
R,65794,23730
B,65797,85
I,65799,36104
B,65801,161
R,65804,23781
B,65806,93
I,65808,36094
B,65811,146
R,65813,23715
B,65816,95
I,65818,36118
B,65820,160
R,65823,23714
B,65825,93
I,65827,36137
B,65830,139
R,65832,23744
B,65834,106
I,65837,36141
B,65839,146
R,65842,23751
B,65844,88
I,65846,36065
B,65849,148
R,65851,23728
B,65853,105
I,65856,36151
B,65858,144
R,65861,23747
B,65863,82
I,65865,36109
B,65868,155
R,65870,23762
B,65872,90
I,65875,36102
B,65877,142
R,65879,23715
B,65882,88
I,65884,36103
B,65887,158
R,65889,23742
B,65891,92
I,65894,36109
B,65896,140
R,65898,23737
B,65901,100
I,65903,36130
B,65905,149
R,65908,23686
B,65910,90
I,65913,36096
B,65915,141
R,65917,23716
B,65920,106
I,65922,36153
B,65924,150
R,65927,23710
B,65929,80
I,65932,36077
B,65934,151
R,65936,23738
B,65939,94
I,65941,36105
B,65943,148
R,65946,23704
B,65948,90
I,65950,36113
B,65953,160
R,65955,23728
B,65958,94
I,65960,36110
B,65962,137
R,65965,23713
B,65967,101
I,65969,36124
B,65972,150
R,65974,23696
B,65977,91
I,65979,36071
B,65981,141
R,65984,23712
B,65986,109
I,65988,36138
B,65991,145
R,65993,23715
B,65995,85
I,65998,36120
B,66000,150
R,66003,23694
B,66005,95
I,66007,36131
B,66010,141
R,66012,23703
B,66014,88
I,66017,36125
B,66019,158
R,66021,23737
B,66024,95
I,66026,36138
B,66029,139
R,66031,23691
B,66033,100
I,66036,36164
B,66038,153
R,66040,23715
B,66043,92
I,66045,36122
B,66048,149
R,66050,23695
B,66052,109
I,66055,36129
B,66057,151
R,66059,23696
B,66062,87
I,66064,36117
B,66066,149
R,66069,23712
B,66071,98
I,66074,36124
B,66076,147
R,66078,23690
B,66081,85
I,66083,36104
B,66085,156
R,66088,23737
B,66090,91
I,66092,36124
B,66095,137
R,66097,23727
B,66100,99
I,66102,36123
B,66104,151
R,66107,23693
B,66109,87
I,66111,36074
B,66114,138
R,66116,23701
B,66119,104
I,66121,36172
B,66123,149
R,66126,23714
B,66128,85
I,66130,36145
B,66133,153
R,66135,23728
B,66137,97
I,66140,36115
B,66142,148
R,66145,23730
B,66147,87
I,66149,36151
B,66152,155
R,66154,23689
B,66156,96
I,66159,36149
B,66161,144
R,66163,23681
B,66166,95
I,66168,36136
B,66171,153
R,66173,23702
B,66175,90
I,66178,36144
B,66180,136
R,66182,23708
B,66185,107
I,66187,36171
B,66190,154
R,66192,23690
B,66194,89
I,66197,36134
B,66199,152
R,66201,23734
B,66204,102
I,66206,36169
B,66208,148
R,66211,23665
B,66213,85
I,66216,36134
B,66218,162
R,66220,23733
B,66223,94
I,66225,36148
B,66227,146
R,66230,23670
B,66232,88
I,66234,36139
B,66237,159
R,66239,23750
B,66242,97
I,66244,36140
B,66246,137
R,66249,23714
B,66251,106
I,66253,36218
B,66256,154
R,66258,23706
B,66260,91
I,66263,36138
B,66265,150
R,66268,23707
B,66270,101
I,66272,36217
B,66275,148
R,66277,23742
B,66279,85
I,66282,36148
B,66284,157
R,66287,23720
B,66289,94
I,66291,36145
B,66294,147
R,66296,23711
B,66298,85
I,66301,36156
B,66303,155
R,66305,23690
B,66308,95
I,66310,36126
B,66313,136
R,66315,23685
B,66317,100
I,66320,36204
B,66322,152
R,66324,23730
B,66327,92
I,66329,36155
B,66331,143
R,66334,23690
B,66336,108
I,66339,36220
B,66341,149
R,66343,23696
B,66346,84
I,66348,36154
B,66350,156
R,66353,23748
B,66355,93
I,66358,36155
B,66360,155
R,66362,23695
B,66365,89
I,66367,36152
B,66369,161
R,66372,23707
B,66374,96
I,66376,36176
B,66379,149
R,66381,23703
B,66384,103
I,66386,36178
B,66388,146
R,66391,23657
B,66393,91
I,66395,36143
B,66398,146
R,66400,23714
B,66403,109
I,66405,36191
B,66407,145
R,66410,23692
B,66412,86
I,66414,36140
B,66417,151
R,66419,23723
B,66421,94
I,66424,36179
B,66426,145
R,66429,23677
B,66431,90
I,66433,36167
B,66436,163
R,66438,23727
B,66440,94
I,66443,36155
B,66445,145
R,66447,23693
B,66450,104
I,66452,36201
B,66455,151
R,66457,23696
B,66459,90
I,66462,36131
B,66464,139
R,66466,23678
B,66469,107
I,66471,36152
B,66474,145
R,66476,23665
B,66478,86
I,66481,36087
B,66483,161
R,66485,23659
B,66488,97
I,66490,36075
B,66492,142
R,66495,23638
B,66497,82
I,66500,36062
B,66502,166
R,66504,23641
B,66507,89
I,66509,36018
B,66511,144
R,66514,23647
B,66516,97
I,66518,36030
B,66521,149
R,66523,23605
B,66526,90
I,66528,36024
B,66530,137
R,66533,23620
B,66535,103
I,66537,36107
B,66540,146
R,66542,23605
B,66545,90
I,66547,36050
B,66549,145
R,66552,23624
B,66554,99
I,66556,36041
B,66559,147
R,66561,23599
B,66563,81
I,66566,36038
B,66568,153
R,66571,23586
B,66573,91
I,66575,36063
B,66578,140
R,66580,23588
B,66582,94
I,66585,36095
B,66587,151
R,66589,23596
B,66592,89
I,66594,36066
B,66597,136
R,66599,23623
B,66601,103
I,66604,36107
B,66606,147
R,66608,23616
B,66611,91
I,66613,36053
B,66616,150
R,66618,23647
B,66620,104
I,66623,36124
B,66625,151
R,66627,23607
B,66630,87
I,66632,36094
B,66634,156
R,66637,23648
B,66639,89
I,66642,36095
B,66644,148
R,66646,23630
B,66649,92
I,66651,36131
B,66653,158
R,66656,23664
B,66658,92
I,66660,36081
B,66663,139
R,66665,23649
B,66668,98
I,66670,36084
B,66672,145
R,66675,23633
B,66677,92
I,66679,36075
B,66682,143
R,66684,23681
B,66687,102
I,66689,36122
B,66691,144
R,66694,23643
B,66696,83
I,66698,36121
B,66701,159
R,66703,23676
B,66705,94
I,66708,36109
B,66710,146
R,66713,23628
B,66715,92
I,66717,36116
B,66720,156
R,66722,23679
B,66724,89
I,66727,36129
B,66729,135
R,66731,23635
B,66734,99
I,66736,36097
B,66739,142
R,66741,23632
B,66743,88
I,66746,36074
B,66748,151
R,66750,23587
B,66753,106
I,66755,36117
B,66758,145
R,66760,23610
B,66762,83
I,66765,36075
B,66767,159
R,66769,23647
B,66772,92
I,66774,36068
B,66776,144
R,66779,23589
B,66781,83
I,66784,36075
B,66786,161
R,66788,23653
B,66791,94
I,66793,36080
B,66795,144
R,66798,23601
B,66800,95
I,66802,36131
B,66805,149
R,66807,23624
B,66810,86
I,66812,36072
B,66814,142
R,66817,23606
B,66819,108
I,66821,36108
B,66824,136
R,66826,23592
B,66829,79
I,66831,36048
B,66833,157
R,66836,23597
B,66838,92
I,66840,36084
B,66843,139
R,66845,23573
B,66847,88
I,66850,36054
B,66852,161
R,66855,23605
B,66857,90
I,66859,36045
B,66862,137
R,66864,23566
B,66866,98
I,66869,36109
B,66871,152
R,66873,23643
B,66876,87
I,66878,36059
B,66881,130
R,66883,23567
B,66885,105
I,66888,36149
B,66890,143
R,66892,23637
B,66895,82
I,66897,36064
B,66900,147
R,66902,23644
B,66904,104
I,66907,36107
B,66909,148
R,66911,23601
B,66914,88
I,66916,36075
B,66918,164
R,66921,23663
B,66923,93
I,66926,36078
B,66928,142
R,66930,23576
B,66933,96
I,66935,36116
B,66937,148
R,66940,23588
B,66942,87
I,66944,36081
B,66947,139
R,66949,23580
B,66952,106
I,66954,36095
B,66956,142
R,66959,23600
B,66961,86
I,66963,36062
B,66966,153
R,66968,23618
B,66971,108
I,66973,36099
B,66975,145
R,66978,23587
B,66980,81
I,66982,36057
B,66985,162
R,66987,23619
B,66989,92
I,66992,36072
B,66994,142
R,66997,23559
B,66999,96
I,67001,36051
B,67004,154
R,67006,23575
B,67008,89
I,67011,36053
B,67013,129
R,67015,23596
B,67018,104
I,67020,36090
B,67023,140
R,67025,23579
B,67027,84
I,67030,36036
B,67032,142
R,67034,23555
B,67037,110
I,67039,36149
B,67042,143
R,67044,23580
B,67046,81
I,67049,36068
B,67051,155
R,67053,23608
B,67056,90
I,67058,36076
B,67060,135
R,67063,23583
B,67065,88
I,67068,36067
B,67070,160
R,67072,23564
B,67075,88
I,67077,36024
B,67079,133
R,67082,23547
B,67084,106
I,67087,36134
B,67089,145
R,67091,23540
B,67094,83
I,67096,36044
B,67098,140
R,67101,23579
B,67103,110
I,67105,36065
B,67108,146
R,67110,23535
B,67113,82
I,67115,36030
B,67117,159
R,67120,23576
B,67122,97
I,67124,36098
B,67127,141
R,67129,23562
B,67131,88
I,67134,36109
B,67136,164
R,67139,23600
B,67141,89
I,67143,36071
B,67146,134
R,67148,23581
B,67150,98
I,67153,36136
B,67155,145
R,67158,23527
B,67160,82
I,67162,36082
B,67165,146
R,67167,23601
B,67169,111
I,67172,36168
B,67174,145
R,67176,23571
B,67179,79
I,67181,36043
B,67184,156
R,67186,23569
B,67188,97
I,67191,36119
B,67193,142
R,67195,23533
B,67198,84
I,67200,36090
B,67203,170
R,67205,23601
B,67207,92
I,67210,36079
B,67212,140
R,67214,23578
B,67217,103
I,67219,36142
B,67221,150
R,67224,23531
B,67226,85
I,67229,36073
B,67231,142
R,67233,23552
B,67236,110
I,67238,36136
B,67240,146
R,67243,23577
B,67245,73
I,67247,36063
B,67250,161
R,67252,23555
B,67255,98
I,67257,36047
B,67259,142
R,67262,23503
B,67264,79
I,67266,36063
B,67269,157
R,67271,23588
B,67274,94
I,67276,36072
B,67278,135
R,67281,23565
B,67283,94
I,67285,36099
B,67288,154
R,67290,23603
B,67292,86
I,67295,36074
B,67297,136
R,67300,23549
B,67302,106
I,67304,36100
B,67307,144
R,67309,23529
B,67311,79
I,67314,35998
B,67316,149
R,67319,23579
B,67321,105
I,67323,36037
B,67326,142
R,67328,23466
B,67330,77
I,67333,35995
B,67335,165
R,67337,23478
B,67340,93
I,67342,35950
B,67345,135
R,67347,23475
B,67349,90
I,67352,35963
B,67354,158
R,67356,23520
B,67359,82
I,67361,35940
B,67363,132
R,67366,23473
B,67368,107
I,67371,35991
B,67373,140
R,67375,23430
B,67378,76
I,67380,35890
B,67382,145
R,67385,23524
B,67387,103
I,67390,35937
B,67392,138
R,67394,23440
B,67397,83
I,67399,35901
B,67401,164
R,67404,23500
B,67406,89
I,67408,35902
B,67411,133
R,67413,23442
B,67416,84
I,67418,35928
B,67420,158
R,67423,23460
B,67425,88
I,67427,35945
B,67430,132
R,67432,23486
B,67435,107
I,67437,35973
B,67439,142
R,67442,23460
B,67444,84
I,67446,35937
B,67449,143
R,67451,23461
B,67453,109
I,67456,35968
B,67458,145
R,67461,23441
B,67463,80
I,67465,35971
B,67468,162
R,67470,23513
B,67472,92
I,67475,35956
B,67477,134
R,67479,23482
B,67482,88
I,67484,35988
B,67487,162
R,67489,23504
B,67491,90
I,67494,35947
B,67496,124
R,67498,23475
B,67501,106
I,67503,36009
B,67506,150
R,67508,23439
B,67510,82
I,67513,35973
B,67515,145
R,67517,23506
B,67520,116
I,67522,36020
B,67524,146
R,67527,23489
B,67529,81
I,67532,35953
B,67534,166
R,67536,23485
B,67539,94
I,67541,36018
B,67543,138
R,67546,23419
B,67548,83
I,67550,36009
B,67553,169
R,67555,23484
B,67558,91
I,67560,35995
B,67562,127
R,67565,23486
B,67567,104
I,67569,35997
B,67572,149
R,67574,23461
B,67577,82
I,67579,35933
B,67581,128
R,67584,23470
B,67586,114
I,67588,36054
B,67591,143
R,67593,23447
B,67595,75
I,67598,35987
B,67600,156
R,67603,23519
B,67605,96
I,67607,35975
B,67610,137
R,67612,23424
B,67614,84
I,67617,35963
B,67619,163
R,67621,23457
B,67624,92
I,67626,35972
B,67629,130
R,67631,23448
B,67633,102
I,67636,36024
B,67638,150
R,67640,23420
B,67643,79
I,67645,35971
B,67648,138
R,67650,23449
B,67652,112
I,67655,35970
B,67657,142
R,67659,23440
B,67662,70
I,67664,35950
B,67666,151
R,67669,23470
B,67671,96
I,67674,36018
B,67676,139
R,67678,23415
B,67681,83
I,67683,35978
B,67685,167
R,67688,23494
B,67690,91
I,67692,35998
B,67695,132
R,67697,23477
B,67700,99
I,67702,35984
B,67704,156
R,67707,23440
B,67709,83
I,67711,35972
B,67714,135
R,67716,23481
B,67719,112
I,67721,36009
B,67723,150
R,67726,23452
B,67728,79
I,67730,35991
B,67733,151
R,67735,23477
B,67737,100
I,67740,36035
B,67742,140
R,67745,23490
B,67747,78
I,67749,35997
B,67752,166
R,67754,23495
B,67756,98
I,67759,35967
B,67761,127
R,67764,23395
B,67766,91
I,67768,35997
B,67771,155
R,67773,23437
B,67775,85
I,67778,35944
B,67780,129
R,67782,23461
B,67785,108
I,67787,36050
B,67790,145
R,67792,23440
B,67794,78
I,67797,35966
B,67799,146
R,67801,23450
B,67804,110
I,67806,36000
B,67809,142
R,67811,23416
B,67813,74
I,67816,35997
B,67818,161
R,67820,23478
B,67823,97
I,67825,35976
B,67827,132
R,67830,23451
B,67832,94
I,67835,35967
B,67837,158
R,67839,23421
B,67842,88
I,67844,35991
B,67846,131
R,67849,23436
B,67851,109
I,67853,36004
B,67856,147
R,67858,23410
B,67861,80
I,67863,35972
B,67865,140
R,67868,23434
B,67870,113
I,67872,35971
B,67875,138
R,67877,23408
B,67880,69
I,67882,35983
B,67884,160
R,67887,23447
B,67889,90
I,67891,36005
B,67894,125
R,67896,23453
B,67898,86
I,67901,36007
B,67903,164
R,67906,23435
B,67908,87
I,67910,36015
B,67913,120
R,67915,23403
B,67917,104
I,67920,36040
B,67922,145
R,67924,23447
B,67927,80
I,67929,35983
B,67932,140
R,67934,23441
B,67936,105
I,67939,36004
B,67941,144
R,67943,23426
B,67946,71
I,67948,35967
B,67951,160
R,67953,23429
B,67955,88
I,67958,36007
B,67960,138
R,67962,23439
B,67965,79
I,67967,35999
B,67969,162
R,67972,23418
B,67974,83
I,67977,35988
B,67979,121
R,67981,23420
B,67984,101
I,67986,36073
B,67988,153
R,67991,23472
B,67993,83
I,67996,35983
B,67998,135
R,68000,23448
B,68003,110
I,68005,36030
B,68007,145
R,68010,23401
B,68012,71
I,68014,35980
B,68017,158
R,68019,23420
B,68022,96
I,68024,35932
B,68026,134
R,68029,23383
B,68031,81
I,68033,35977
B,68036,160
R,68038,23436
B,68040,88
I,68043,35945
B,68045,126
R,68048,23425
B,68050,96
I,68052,35962
B,68055,147
R,68057,23452
B,68059,82
I,68062,35975
B,68064,135
R,68067,23412
B,68069,113
I,68071,36034
B,68074,144
R,68076,23398
B,68078,75
I,68081,35936
B,68083,152
R,68085,23433
B,68088,99
I,68090,35991
B,68093,136
R,68095,23384
B,68097,82
I,68100,36009
B,68102,158
R,68104,23357
B,68107,95
I,68109,35970
B,68111,130
R,68114,23391
B,68116,100
I,68119,36014
B,68121,154
R,68123,23397
B,68126,86
I,68128,35963
B,68130,133
R,68133,23383
B,68135,105
I,68138,36008
B,68140,145
R,68142,23383
B,68145,77
I,68147,35929
B,68149,153
R,68152,23414
B,68154,103
I,68156,35948
B,68159,133
R,68161,23391
B,68164,81
I,68166,35890
B,68168,163
R,68171,23367
B,68173,89
I,68175,35875
B,68178,127
R,68180,23314
B,68182,85
I,68185,35886
B,68187,156
R,68190,23327
B,68192,83
I,68194,35830
B,68197,130
R,68199,23309
B,68201,104
I,68204,35876
B,68206,146
R,68209,23296
B,68211,73
I,68213,35836
B,68216,143
R,68218,23310
B,68220,101
I,68223,35886
B,68225,139
R,68227,23344
B,68230,75
I,68232,35802
B,68235,160
R,68237,23356
B,68239,91
I,68242,35820
B,68244,132
R,68246,23324
B,68249,84
I,68251,35855
B,68254,158
R,68256,23301
B,68258,90
I,68261,35845
B,68263,127
R,68265,23367
B,68268,107
I,68270,35921
B,68272,154
R,68275,23345
B,68277,82
I,68280,35847
B,68282,143
R,68284,23351
B,68287,107
I,68289,35924
B,68291,143
R,68294,23329
B,68296,72
I,68298,35886
B,68301,159
R,68303,23358
B,68306,92
I,68308,35909
B,68310,137
R,68313,23366
B,68315,84
I,68317,35893
B,68320,162
R,68322,23346
B,68325,87
I,68327,35872
B,68329,131
R,68332,23360
B,68334,100
I,68336,35947
B,68339,142
R,68341,23374
B,68343,83
I,68346,35922
B,68348,134
R,68351,23328
B,68353,105
I,68355,35953
B,68358,138
R,68360,23332
B,68362,80
I,68365,35946
B,68367,155
R,68369,23345
B,68372,91
I,68374,35879
B,68377,134
R,68379,23395
B,68381,81
I,68384,35918
B,68386,168
R,68388,23354
B,68391,90
I,68393,35890
B,68396,137
R,68398,23337
B,68400,98
I,68403,35936
B,68405,146
R,68407,23381
B,68410,89
I,68412,35859
B,68414,145
R,68417,23346
B,68419,109
I,68422,35939
B,68424,147
R,68426,23336
B,68429,80
I,68431,35890
B,68433,154
R,68436,23359
B,68438,96
I,68440,35919
B,68443,139
R,68445,23348
B,68448,82
I,68450,35908
B,68452,157
R,68455,23313
B,68457,90
I,68459,35888
B,68462,140
R,68464,23338
B,68466,94
I,68469,35927
B,68471,156
R,68474,23317
B,68476,86
I,68478,35921
B,68481,143
R,68483,23334
B,68485,100
I,68488,35934
B,68490,147
R,68493,23320
B,68495,82
I,68497,35887
B,68500,149
R,68502,23330
B,68504,93
I,68507,35921
B,68509,144
R,68511,23327
B,68514,81
I,68516,35894
B,68519,149
R,68521,23335
B,68523,91
I,68526,35893
B,68528,136
R,68530,23283
B,68533,94
I,68535,35919
B,68537,151
R,68540,23346
B,68542,85
I,68545,35914
B,68547,132
R,68549,23325
B,68552,103
I,68554,35961
B,68556,144
R,68559,23357
B,68561,88
I,68564,35899
B,68566,147
R,68568,23325
B,68571,99
I,68573,35954
B,68575,141
R,68578,23311
B,68580,83
I,68582,35933
B,68585,152
R,68587,23337
B,68590,84
I,68592,35944
B,68594,136
R,68597,23323
B,68599,87
I,68601,35928
B,68604,158
R,68606,23320
B,68608,85
I,68611,35936
B,68613,142
R,68616,23302
B,68618,99
I,68620,35925
B,68623,144
R,68625,23322
B,68627,86
I,68630,35894
B,68632,142
R,68635,23361
B,68637,100
I,68639,35965
B,68642,142
R,68644,23340
B,68646,82
I,68649,35918
B,68651,154
R,68653,23309
B,68656,90
I,68658,35917
B,68661,145
R,68663,23297
B,68665,87
I,68668,35928
B,68670,161
R,68672,23359
B,68675,88
I,68677,35913
B,68679,136
R,68682,23335
B,68684,101
I,68687,35995
B,68689,148
R,68691,23344
B,68694,84
I,68696,35882
B,68698,136
R,68701,23339
B,68703,100
I,68706,35988
B,68708,141
R,68710,23304
B,68713,79
I,68715,35946
B,68717,150
R,68720,23312
B,68722,86
I,68724,35942
B,68727,135
R,68729,23301
B,68732,83
I,68734,35937
B,68736,153
R,68739,23345
B,68741,89
I,68743,35924
B,68746,131
R,68748,23345
B,68751,94
I,68753,35954
B,68755,144
R,68758,23360
B,68760,84
I,68762,35940
B,68765,140
R,68767,23317
B,68769,103
I,68772,35970
B,68774,140
R,68777,23340
B,68779,79
I,68781,35965
B,68784,154
R,68786,23372
B,68788,90
I,68791,35952
B,68793,140
R,68795,23270
B,68798,82
I,68800,35935
B,68803,155
R,68805,23364
B,68807,91
I,68810,35936
B,68812,136
R,68814,23312
B,68817,97
I,68819,35967
B,68822,150
R,68824,23333
B,68826,87
I,68829,35962
B,68831,142
R,68833,23353
B,68836,102
I,68838,35959
B,68840,148
R,68843,23332
B,68845,83
I,68848,35959
B,68850,153
R,68852,23335
B,68855,93
I,68857,35960
B,68859,140
R,68862,23308
B,68864,84
I,68867,35984
B,68869,154
R,68871,23313
B,68874,90
I,68876,35950
B,68878,139
R,68881,23338
B,68883,90
I,68885,35974
B,68888,144
R,68890,23342
B,68893,85
I,68895,35947
B,68897,136
R,68900,23306
B,68902,101
I,68904,35997
B,68907,142
R,68909,23356
B,68911,86
I,68914,35922
B,68916,151
R,68919,23344
B,68921,93
I,68923,35985
B,68926,141
R,68928,23375
B,68930,78
I,68933,35932
B,68935,155
R,68938,23347
B,68940,87
I,68942,35949
B,68945,139
R,68947,23303
B,68949,87
I,68952,35971
B,68954,149
R,68956,23319
B,68959,89
I,68961,35996
B,68964,140
R,68966,23307
B,68968,99
I,68971,35975
B,68973,143
R,68975,23343
B,68978,81
I,68980,36008
B,68982,149
R,68985,23348
B,68987,97
I,68990,35996
B,68992,146
R,68994,23299
B,68997,79
I,68999,35952
B,69001,155
R,69004,23349
B,69006,92
I,69008,35906
B,69011,138
R,69013,23283
B,69016,89
I,69018,35948
B,69020,162
R,69023,23279
B,69025,90
I,69027,35978
B,69030,130
R,69032,23296
B,69035,97
I,69037,35901
B,69039,141
R,69042,23252
B,69044,87
I,69046,35857
B,69049,144
R,69051,23264
B,69053,107
I,69056,35882
B,69058,141
R,69061,23241
B,69063,78
I,69065,35851
B,69068,154
R,69070,23268
B,69072,93
I,69075,35854
B,69077,143
R,69079,23243
B,69082,87
I,69084,35848
B,69087,155
R,69089,23274
B,69091,90
I,69094,35844
B,69096,132
R,69098,23258
B,69101,101
I,69103,35947
B,69106,149
R,69108,23280
B,69110,86
I,69113,35829
B,69115,141
R,69117,23283
B,69120,104
I,69122,35922
B,69124,148
R,69127,23292
B,69129,81
I,69132,35888
B,69134,154
R,69136,23323
B,69139,94
I,69141,35909
B,69143,142
R,69146,23276
B,69148,87
I,69150,35928
B,69153,159
R,69155,23277
B,69158,89
I,69160,35936
B,69162,134
R,69165,23305
B,69167,94
I,69169,35939
B,69172,143
R,69174,23282
B,69177,84
I,69179,35941
B,69181,143
R,69184,23320
B,69186,104
I,69188,35993
B,69191,145
R,69193,23280
B,69195,81
I,69198,35924
B,69200,151
R,69203,23339
B,69205,94
I,69207,35942
B,69210,150
R,69212,23308
B,69214,87
I,69217,35959
B,69219,162
R,69221,23288
B,69224,93
I,69226,35940
B,69229,142
R,69231,23290
B,69233,97
I,69236,35970
B,69238,148
R,69240,23335
B,69243,93
I,69245,35944
B,69248,133
R,69250,23288
B,69252,101
I,69255,36009
B,69257,151
R,69259,23295
B,69262,84
I,69264,35982
B,69266,149
R,69269,23336
B,69271,96
I,69274,36017
B,69276,145
R,69278,23329
B,69281,84
I,69283,35978
B,69285,160
R,69288,23335
B,69290,91
I,69292,35974
B,69295,140
R,69297,23300
B,69300,93
I,69302,36008
B,69304,144
R,69307,23313
B,69309,90
I,69311,35977
B,69314,134
R,69316,23324
B,69319,100
I,69321,36022
B,69323,143
R,69326,23276
B,69328,86
I,69330,35945
B,69333,143
R,69335,23353
B,69337,97
I,69340,35972
B,69342,146
R,69345,23290
B,69347,81
I,69349,35989
B,69352,158
R,69354,23291
B,69356,93
I,69359,35968
B,69361,136
R,69363,23327
B,69366,92
I,69368,35975
B,69371,152
R,69373,23338
B,69375,91
I,69378,36012
B,69380,142
R,69382,23314
B,69385,102
I,69387,36037
B,69390,143
R,69392,23335
B,69394,87
I,69397,35981
B,69399,142
R,69401,23343
B,69404,101
I,69406,36030
B,69408,144
R,69411,23309
B,69413,79
I,69416,36007
B,69418,153
R,69420,23328
B,69423,91
I,69425,35987
B,69427,141
R,69430,23322
B,69432,88
I,69434,35995
B,69437,153
R,69439,23301
B,69442,89
I,69444,36021
B,69446,137
R,69449,23305
B,69451,106
I,69453,36088
B,69456,149
R,69458,23332
B,69461,87
I,69463,36007
B,69465,151
R,69468,23386
B,69470,109
I,69472,36041
B,69475,143
R,69477,23347
B,69479,82
I,69482,36019
B,69484,155
R,69487,23298
B,69489,94
I,69491,36001
B,69494,143
R,69496,23291
B,69498,95
I,69501,36034
B,69503,161
R,69505,23302
B,69508,91
I,69510,36029
B,69513,134
R,69515,23338
B,69517,100
I,69520,36111
B,69522,145
R,69524,23296
B,69527,92
I,69529,36031
B,69532,141
R,69534,23338
B,69536,106
I,69539,36084
B,69541,145
R,69543,23359
B,69546,83
I,69548,36064
B,69550,153
R,69553,23329
B,69555,91
I,69558,36006
B,69560,148
R,69562,23307
B,69565,87
I,69567,36060
B,69569,158
R,69572,23327
B,69574,91
I,69576,36046
B,69579,133
R,69581,23286
B,69584,95
I,69586,36066
B,69588,152
R,69591,23365
B,69593,96
I,69595,36016
B,69598,134
R,69600,23352
B,69603,103
I,69605,36089
B,69607,148
R,69610,23339
B,69612,80
I,69614,36084
B,69617,147
R,69619,23368
B,69621,93
I,69624,36052
B,69626,143
R,69629,23334
B,69631,83
I,69633,36049
B,69636,158
R,69638,23315
B,69640,91
I,69643,36032
B,69645,138
R,69648,23288
B,69650,94
I,69652,36069
B,69655,151
R,69657,23321
B,69659,90
I,69662,36044
B,69664,139
R,69666,23327
B,69669,105
I,69671,36093
B,69674,145
R,69676,23342
B,69678,90
I,69681,36031
B,69683,148
R,69685,23341
B,69688,103
I,69690,36063
B,69692,145
R,69695,23336
B,69697,83
I,69700,36061
B,69702,155
R,69704,23320
B,69707,88
I,69709,36041
B,69711,142
R,69714,23309
B,69716,95
I,69719,36029
B,69721,153
R,69723,23316
B,69726,86
I,69728,36066
B,69730,141
R,69733,23306
B,69735,100
I,69737,36070
B,69740,142
R,69742,23330
B,69745,88
I,69747,36026
B,69749,144
R,69752,23325
B,69754,96
I,69756,36079
B,69759,135
R,69761,23324
B,69763,85
I,69766,36070
B,69768,155
R,69771,23287
B,69773,91
I,69775,36046
B,69778,139
R,69780,23299
B,69782,90
I,69785,36079
B,69787,154
R,69790,23328
B,69792,90
I,69794,36037
B,69797,133
R,69799,23287
B,69801,98
I,69804,36096
B,69806,143
R,69808,23304
B,69811,88
I,69813,36018
B,69816,154
R,69818,23330
B,69820,98
I,69823,36021
B,69825,148
R,69827,23307
B,69830,79
I,69832,36081
B,69834,159
R,69837,23293
B,69839,93
I,69842,36090
B,69844,144
R,69846,23278
B,69849,88
I,69851,36068
B,69853,157
R,69856,23320
B,69858,90
I,69860,36092
B,69863,134
R,69865,23284
B,69868,105
I,69870,36124
B,69872,152
R,69875,23295
B,69877,90
I,69879,36056
B,69882,140
R,69884,23308
B,69887,108
I,69889,36049
B,69891,148
R,69894,23290
B,69896,83
I,69898,35992
B,69901,157
R,69903,23273
B,69905,87
I,69908,36007
B,69910,143
R,69913,23248
B,69915,85
I,69917,35997
B,69920,157
R,69922,23273
B,69924,91
I,69927,35969
B,69929,134
R,69931,23210
B,69934,99
I,69936,35950
B,69939,150
R,69941,23207
B,69943,95
I,69946,35931
B,69948,138
R,69950,23197
B,69953,105
I,69955,35940
B,69958,145
R,69960,23152
B,69962,85
I,69965,35876
B,69967,154
R,69969,23219
B,69972,95
I,69974,35891
B,69976,146
R,69979,23197
B,69981,83
I,69984,35910
B,69986,155
R,69988,23209
B,69991,89
I,69993,35966
B,69995,140
R,69998,23240
B,70000,99
I,70002,35989
B,70005,147
R,70007,23263
B,70010,90
I,70012,35973
B,70014,141
R,70017,23270
B,70019,102
I,70021,35999
B,70024,147
R,70026,23252
B,70029,84
I,70031,35944
B,70033,151
R,70036,23286
B,70038,92
I,70040,36025
B,70043,142
R,70045,23246
B,70047,83
I,70050,35997
B,70052,162
R,70055,23293
B,70057,93
I,70059,36015
B,70062,140
R,70064,23270
B,70066,95
I,70069,36047
B,70071,155
R,70074,23264
B,70076,92
I,70078,36075
B,70081,135
R,70083,23286
B,70085,104
I,70088,36054
B,70090,143
R,70092,23281
B,70095,85
I,70097,36047
B,70100,151
R,70102,23242
B,70104,98
I,70107,36018
B,70109,147
R,70111,23240
B,70114,84
I,70116,36035
B,70118,156
R,70121,23284
B,70123,90
I,70126,36038
B,70128,144
R,70130,23238
B,70133,96
I,70135,36080
B,70137,159
R,70140,23288
B,70142,90
I,70144,36034
B,70147,137
R,70149,23263
B,70152,103
I,70154,36091
B,70156,144
R,70159,23290
B,70161,88
I,70163,36062
B,70166,142
R,70168,23299
B,70171,104
I,70173,36061
B,70175,144
R,70178,23288
B,70180,81
